[2026-06-29T01:37:07.988Z] [LOG] 启动 Next.js 服务，端口: 1717
[2026-06-29T01:37:12.092Z] [LOG] 服务已启动，正在打开应用...
[2026-06-29T01:37:12.151Z] [LOG] [Request] GET /
[2026-06-29T01:37:12.366Z] [ERROR] (node:13872) [DEP0180] DeprecationWarning: fs.Stats constructor is deprecated.
(Use `Easy Dataset --trace-deprecation ...` to show where the warning was created)
[2026-06-29T01:37:12.606Z] [LOG] [Request] GET /api/projects
[2026-06-29T01:37:12.662Z] [LOG] [Request] GET /imgs/grid-pattern.png
[2026-06-29T01:37:12.702Z] [LOG] [Request] GET /imgs/logo.svg
[2026-06-29T01:37:12.718Z] [LOG] [Request] GET /projects/undefined/distill?_rsc=19zvn
[2026-06-29T01:37:12.731Z] [LOG] [Request] GET /projects/undefined/questions?_rsc=19zvn
[2026-06-29T01:37:12.749Z] [LOG] [Request] GET /api/projects
[2026-06-29T01:37:12.791Z] [LOG] [Request] GET /api/projects/unmigrated
[2026-06-29T01:37:13.016Z] [LOG] [Request] GET /projects/c3qeE6s42KqZ?_rsc=19zvn
[2026-06-29T01:37:13.023Z] [LOG] [Request] GET /projects/zfRelZX0xH2R?_rsc=19zvn
[2026-06-29T01:37:13.026Z] [LOG] [Request] GET /projects/STcFmwiBU9Ou?_rsc=19zvn
[2026-06-29T01:37:14.565Z] [LOG] [Request] GET /projects/c3qeE6s42KqZ?_rsc=15hab
[2026-06-29T01:37:14.594Z] [LOG] [Request] GET /api/projects
[2026-06-29T01:37:14.595Z] [LOG] [Request] GET /api/projects/c3qeE6s42KqZ
[2026-06-29T01:37:14.598Z] [LOG] [Request] GET /api/projects/c3qeE6s42KqZ/model-config
[2026-06-29T01:37:14.646Z] [LOG] [Request] GET /projects/c3qeE6s42KqZ/text-split?_rsc=3p2k0
[2026-06-29T01:37:14.683Z] [LOG] [Request] GET /api/projects/c3qeE6s42KqZ/model-config
[2026-06-29T01:37:14.717Z] [LOG] [Request] GET /projects/c3qeE6s42KqZ/distill?_rsc=1b7xm
[2026-06-29T01:37:14.720Z] [LOG] [Request] GET /projects/c3qeE6s42KqZ/questions?_rsc=1b7xm
[2026-06-29T01:37:14.728Z] [LOG] [Request] GET /imgs/models/deepseek.svg
[2026-06-29T01:37:14.793Z] [LOG] [Request] GET /api/projects/c3qeE6s42KqZ/tasks/list?status=0
[2026-06-29T01:37:14.800Z] [LOG] [Request] GET /projects/c3qeE6s42KqZ/multi-turn?_rsc=6sg79
[2026-06-29T01:37:14.810Z] [LOG] [Request] GET /api/projects/c3qeE6s42KqZ/files?page=1&pageSize=10
[2026-06-29T01:37:14.961Z] [ERROR]  ⨯ Error: Cannot find module 'detect-libc'
Require stack:
- D:\ED位置\Easy Dataset\resources\app.asar\node_modules\sharp\lib\sharp.js
- D:\ED位置\Easy Dataset\resources\app.asar\node_modules\sharp\lib\constructor.js
- D:\ED位置\Easy Dataset\resources\app.asar\node_modules\sharp\lib\index.js
- D:\ED位置\Easy Dataset\resources\app.asar\.next\server\app\api\projects\[projectId]\files\route.js
- D:\ED位置\Easy Dataset\resources\app.asar\node_modules\next\dist\server\require.js
- D:\ED位置\Easy Dataset\resources\app.asar\node_modules\next\dist\server\next-server.js
- D:\ED位置\Easy Dataset\resources\app.asar\node_modules\next\dist\server\next.js
- D:\ED位置\Easy Dataset\resources\app.asar\electron\modules\server.js
- D:\ED位置\Easy Dataset\resources\app.asar\electron\main.js
- 
Error: Cannot find module 'detect-libc'
Require stack:
- D:\ED位置\Easy Dataset\resources\app.asar\node_modules\sharp\lib\sharp.js
- D:\ED位置\Easy Dataset\resources\app.asar\node_modules\sharp\lib\constructor.js
- D:\ED位置\Easy Dataset\resources\app.asar\node_modules\sharp\lib\index.js
- D:\ED位置\Easy Dataset\resources\app.asar\.next\server\app\api\projects\[projectId]\files\route.js
- D:\ED位置\Easy Dataset\resources\app.asar\node_modules\next\dist\server\require.js
- D:\ED位置\Easy Dataset\resources\app.asar\node_modules\next\dist\server\next-server.js
- D:\ED位置\Easy Dataset\resources\app.asar\node_modules\next\dist\server\next.js
- D:\ED位置\Easy Dataset\resources\app.asar\electron\modules\server.js
- D:\ED位置\Easy Dataset\resources\app.asar\electron\main.js
- 
    at Module._resolveFilename (node:internal/modules/cjs/loader:1408:15)
    at s._resolveFilename (node:electron/js2c/browser_init:2:129227)
    at D:\ED位置\Easy Dataset\resources\app.asar\node_modules\next\dist\server\require-hook.js:55:36
    at defaultResolveImpl (node:internal/modules/cjs/loader:1064:19)
    at resolveForCJSWithHooks (node:internal/modules/cjs/loader:1069:22)
    at Module._load (node:internal/modules/cjs/loader:1218:37)
    at c._load (node:electron/js2c/node_init:2:17950)
    at TracingChannel.traceSync (node:diagnostics_channel:322:14)
    at wrapModuleLoad (node:internal/modules/cjs/loader:242:24)
    at Module.require (node:internal/modules/cjs/loader:1494:12)
[2026-06-29T01:37:14.966Z] [ERROR]  ⨯ Error: Cannot find module 'client-only'
Require stack:
- D:\ED位置\Easy Dataset\resources\app.asar\node_modules\styled-jsx\dist\index\index.js
- D:\ED位置\Easy Dataset\resources\app.asar\node_modules\styled-jsx\index.js
- D:\ED位置\Easy Dataset\resources\app.asar\node_modules\next\dist\compiled\next-server\pages.runtime.prod.js
- D:\ED位置\Easy Dataset\resources\app.asar\.next\server\pages\_document.js
- D:\ED位置\Easy Dataset\resources\app.asar\node_modules\next\dist\server\require.js
- D:\ED位置\Easy Dataset\resources\app.asar\node_modules\next\dist\server\next-server.js
- D:\ED位置\Easy Dataset\resources\app.asar\node_modules\next\dist\server\next.js
- D:\ED位置\Easy Dataset\resources\app.asar\electron\modules\server.js
- D:\ED位置\Easy Dataset\resources\app.asar\electron\main.js
- 
Error: Cannot find module 'client-only'
Require stack:
- D:\ED位置\Easy Dataset\resources\app.asar\node_modules\styled-jsx\dist\index\index.js
- D:\ED位置\Easy Dataset\resources\app.asar\node_modules\styled-jsx\index.js
- D:\ED位置\Easy Dataset\resources\app.asar\node_modules\next\dist\compiled\next-server\pages.runtime.prod.js
- D:\ED位置\Easy Dataset\resources\app.asar\.next\server\pages\_document.js
- D:\ED位置\Easy Dataset\resources\app.asar\node_modules\next\dist\server\require.js
- D:\ED位置\Easy Dataset\resources\app.asar\node_modules\next\dist\server\next-server.js
- D:\ED位置\Easy Dataset\resources\app.asar\node_modules\next\dist\server\next.js
- D:\ED位置\Easy Dataset\resources\app.asar\electron\modules\server.js
- D:\ED位置\Easy Dataset\resources\app.asar\electron\main.js
- 
    at Module._resolveFilename (node:internal/modules/cjs/loader:1408:15)
    at s._resolveFilename (node:electron/js2c/browser_init:2:129227)
    at D:\ED位置\Easy Dataset\resources\app.asar\node_modules\next\dist\server\require-hook.js:55:36
    at defaultResolveImpl (node:internal/modules/cjs/loader:1064:19)
    at resolveForCJSWithHooks (node:internal/modules/cjs/loader:1069:22)
    at Module._load (node:internal/modules/cjs/loader:1218:37)
    at c._load (node:electron/js2c/node_init:2:17950)
    at TracingChannel.traceSync (node:diagnostics_channel:322:14)
    at wrapModuleLoad (node:internal/modules/cjs/loader:242:24)
    at Module.require (node:internal/modules/cjs/loader:1494:12)
[2026-06-29T01:37:14.967Z] [LOG] [Request] GET /api/projects/c3qeE6s42KqZ/tasks
[2026-06-29T01:37:15.011Z] [LOG] Checking unfinished tasks...
[2026-06-29T01:37:15.012Z] [ERROR]  ⨯ Error: Cannot find module 'unpdf'
Require stack:
- D:\ED位置\Easy Dataset\resources\app.asar\node_modules\@opendocsg\pdf2md\lib\util\pdf.js
- D:\ED位置\Easy Dataset\resources\app.asar\node_modules\@opendocsg\pdf2md\lib\pdf2md.js
- D:\ED位置\Easy Dataset\resources\app.asar\.next\server\app\api\projects\[projectId]\tasks\route.js
- D:\ED位置\Easy Dataset\resources\app.asar\node_modules\next\dist\server\require.js
- D:\ED位置\Easy Dataset\resources\app.asar\node_modules\next\dist\server\next-server.js
- D:\ED位置\Easy Dataset\resources\app.asar\node_modules\next\dist\server\next.js
- D:\ED位置\Easy Dataset\resources\app.asar\electron\modules\server.js
- D:\ED位置\Easy Dataset\resources\app.asar\electron\main.js
- 
Error: Cannot find module 'unpdf'
Require stack:
- D:\ED位置\Easy Dataset\resources\app.asar\node_modules\@opendocsg\pdf2md\lib\util\pdf.js
- D:\ED位置\Easy Dataset\resources\app.asar\node_modules\@opendocsg\pdf2md\lib\pdf2md.js
- D:\ED位置\Easy Dataset\resources\app.asar\.next\server\app\api\projects\[projectId]\tasks\route.js
- D:\ED位置\Easy Dataset\resources\app.asar\node_modules\next\dist\server\require.js
- D:\ED位置\Easy Dataset\resources\app.asar\node_modules\next\dist\server\next-server.js
- D:\ED位置\Easy Dataset\resources\app.asar\node_modules\next\dist\server\next.js
- D:\ED位置\Easy Dataset\resources\app.asar\electron\modules\server.js
- D:\ED位置\Easy Dataset\resources\app.asar\electron\main.js
- 
    at Module._resolveFilename (node:internal/modules/cjs/loader:1408:15)
    at s._resolveFilename (node:electron/js2c/browser_init:2:129227)
    at D:\ED位置\Easy Dataset\resources\app.asar\node_modules\next\dist\server\require-hook.js:55:36
    at defaultResolveImpl (node:internal/modules/cjs/loader:1064:19)
    at resolveForCJSWithHooks (node:internal/modules/cjs/loader:1069:22)
    at Module._load (node:internal/modules/cjs/loader:1218:37)
    at c._load (node:electron/js2c/node_init:2:17950)
    at TracingChannel.traceSync (node:diagnostics_channel:322:14)
    at wrapModuleLoad (node:internal/modules/cjs/loader:242:24)
    at Module.require (node:internal/modules/cjs/loader:1494:12)
[2026-06-29T01:37:15.039Z] [ERROR]  ⨯ Error: Cannot find module 'client-only'
Require stack:
- D:\ED位置\Easy Dataset\resources\app.asar\node_modules\styled-jsx\dist\index\index.js
- D:\ED位置\Easy Dataset\resources\app.asar\node_modules\styled-jsx\index.js
- D:\ED位置\Easy Dataset\resources\app.asar\node_modules\next\dist\compiled\next-server\pages.runtime.prod.js
- D:\ED位置\Easy Dataset\resources\app.asar\.next\server\pages\_document.js
- D:\ED位置\Easy Dataset\resources\app.asar\node_modules\next\dist\server\require.js
- D:\ED位置\Easy Dataset\resources\app.asar\node_modules\next\dist\server\next-server.js
- D:\ED位置\Easy Dataset\resources\app.asar\node_modules\next\dist\server\next.js
- D:\ED位置\Easy Dataset\resources\app.asar\electron\modules\server.js
- D:\ED位置\Easy Dataset\resources\app.asar\electron\main.js
- 
Error: Cannot find module 'client-only'
Require stack:
- D:\ED位置\Easy Dataset\resources\app.asar\node_modules\styled-jsx\dist\index\index.js
- D:\ED位置\Easy Dataset\resources\app.asar\node_modules\styled-jsx\index.js
- D:\ED位置\Easy Dataset\resources\app.asar\node_modules\next\dist\compiled\next-server\pages.runtime.prod.js
- D:\ED位置\Easy Dataset\resources\app.asar\.next\server\pages\_document.js
- D:\ED位置\Easy Dataset\resources\app.asar\node_modules\next\dist\server\require.js
- D:\ED位置\Easy Dataset\resources\app.asar\node_modules\next\dist\server\next-server.js
- D:\ED位置\Easy Dataset\resources\app.asar\node_modules\next\dist\server\next.js
- D:\ED位置\Easy Dataset\resources\app.asar\electron\modules\server.js
- D:\ED位置\Easy Dataset\resources\app.asar\electron\main.js
- 
    at Module._resolveFilename (node:internal/modules/cjs/loader:1408:15)
    at s._resolveFilename (node:electron/js2c/browser_init:2:129227)
    at D:\ED位置\Easy Dataset\resources\app.asar\node_modules\next\dist\server\require-hook.js:55:36
    at defaultResolveImpl (node:internal/modules/cjs/loader:1064:19)
    at resolveForCJSWithHooks (node:internal/modules/cjs/loader:1069:22)
    at Module._load (node:internal/modules/cjs/loader:1218:37)
    at c._load (node:electron/js2c/node_init:2:17950)
    at TracingChannel.traceSync (node:diagnostics_channel:322:14)
    at wrapModuleLoad (node:internal/modules/cjs/loader:242:24)
    at Module.require (node:internal/modules/cjs/loader:1494:12)
[2026-06-29T01:37:15.041Z] [LOG] [Request] GET /api/projects/c3qeE6s42KqZ/split?filter=all
[2026-06-29T01:37:15.045Z] [ERROR]  ⨯ Error: Cannot find module 'detect-libc'
Require stack:
- D:\ED位置\Easy Dataset\resources\app.asar\node_modules\sharp\lib\sharp.js
- D:\ED位置\Easy Dataset\resources\app.asar\node_modules\sharp\lib\constructor.js
- D:\ED位置\Easy Dataset\resources\app.asar\node_modules\sharp\lib\index.js
- D:\ED位置\Easy Dataset\resources\app.asar\.next\server\app\api\projects\[projectId]\files\route.js
- D:\ED位置\Easy Dataset\resources\app.asar\node_modules\next\dist\server\require.js
- D:\ED位置\Easy Dataset\resources\app.asar\node_modules\next\dist\server\next-server.js
- D:\ED位置\Easy Dataset\resources\app.asar\node_modules\next\dist\server\next.js
- D:\ED位置\Easy Dataset\resources\app.asar\electron\modules\server.js
- D:\ED位置\Easy Dataset\resources\app.asar\electron\main.js
- 
Error: Cannot find module 'detect-libc'
Require stack:
- D:\ED位置\Easy Dataset\resources\app.asar\node_modules\sharp\lib\sharp.js
- D:\ED位置\Easy Dataset\resources\app.asar\node_modules\sharp\lib\constructor.js
- D:\ED位置\Easy Dataset\resources\app.asar\node_modules\sharp\lib\index.js
- D:\ED位置\Easy Dataset\resources\app.asar\.next\server\app\api\projects\[projectId]\files\route.js
- D:\ED位置\Easy Dataset\resources\app.asar\node_modules\next\dist\server\require.js
- D:\ED位置\Easy Dataset\resources\app.asar\node_modules\next\dist\server\next-server.js
- D:\ED位置\Easy Dataset\resources\app.asar\node_modules\next\dist\server\next.js
- D:\ED位置\Easy Dataset\resources\app.asar\electron\modules\server.js
- D:\ED位置\Easy Dataset\resources\app.asar\electron\main.js
- 
    at Module._resolveFilename (node:internal/modules/cjs/loader:1408:15)
    at s._resolveFilename (node:electron/js2c/browser_init:2:129227)
    at D:\ED位置\Easy Dataset\resources\app.asar\node_modules\next\dist\server\require-hook.js:55:36
    at defaultResolveImpl (node:internal/modules/cjs/loader:1064:19)
    at resolveForCJSWithHooks (node:internal/modules/cjs/loader:1069:22)
    at Module._load (node:internal/modules/cjs/loader:1218:37)
    at c._load (node:electron/js2c/node_init:2:17950)
    at TracingChannel.traceSync (node:diagnostics_channel:322:14)
    at wrapModuleLoad (node:internal/modules/cjs/loader:242:24)
    at Module.require (node:internal/modules/cjs/loader:1494:12)
[2026-06-29T01:37:15.050Z] [ERROR]  ⨯ Error: Cannot find module 'client-only'
Require stack:
- D:\ED位置\Easy Dataset\resources\app.asar\node_modules\styled-jsx\dist\index\index.js
- D:\ED位置\Easy Dataset\resources\app.asar\node_modules\styled-jsx\index.js
- D:\ED位置\Easy Dataset\resources\app.asar\node_modules\next\dist\compiled\next-server\pages.runtime.prod.js
- D:\ED位置\Easy Dataset\resources\app.asar\.next\server\pages\_document.js
- D:\ED位置\Easy Dataset\resources\app.asar\node_modules\next\dist\server\require.js
- D:\ED位置\Easy Dataset\resources\app.asar\node_modules\next\dist\server\next-server.js
- D:\ED位置\Easy Dataset\resources\app.asar\node_modules\next\dist\server\next.js
- D:\ED位置\Easy Dataset\resources\app.asar\electron\modules\server.js
- D:\ED位置\Easy Dataset\resources\app.asar\electron\main.js
- 
Error: Cannot find module 'client-only'
Require stack:
- D:\ED位置\Easy Dataset\resources\app.asar\node_modules\styled-jsx\dist\index\index.js
- D:\ED位置\Easy Dataset\resources\app.asar\node_modules\styled-jsx\index.js
- D:\ED位置\Easy Dataset\resources\app.asar\node_modules\next\dist\compiled\next-server\pages.runtime.prod.js
- D:\ED位置\Easy Dataset\resources\app.asar\.next\server\pages\_document.js
- D:\ED位置\Easy Dataset\resources\app.asar\node_modules\next\dist\server\require.js
- D:\ED位置\Easy Dataset\resources\app.asar\node_modules\next\dist\server\next-server.js
- D:\ED位置\Easy Dataset\resources\app.asar\node_modules\next\dist\server\next.js
- D:\ED位置\Easy Dataset\resources\app.asar\electron\modules\server.js
- D:\ED位置\Easy Dataset\resources\app.asar\electron\main.js
- 
    at Module._resolveFilename (node:internal/modules/cjs/loader:1408:15)
    at s._resolveFilename (node:electron/js2c/browser_init:2:129227)
    at D:\ED位置\Easy Dataset\resources\app.asar\node_modules\next\dist\server\require-hook.js:55:36
    at defaultResolveImpl (node:internal/modules/cjs/loader:1064:19)
    at resolveForCJSWithHooks (node:internal/modules/cjs/loader:1069:22)
    at Module._load (node:internal/modules/cjs/loader:1218:37)
    at c._load (node:electron/js2c/node_init:2:17950)
    at TracingChannel.traceSync (node:diagnostics_channel:322:14)
    at wrapModuleLoad (node:internal/modules/cjs/loader:242:24)
    at Module.require (node:internal/modules/cjs/loader:1494:12)
[2026-06-29T01:37:15.057Z] [LOG] [Request] GET /api/projects/c3qeE6s42KqZ/files?page=1&size=10
[2026-06-29T01:37:15.058Z] [ERROR]  ⨯ Error: Cannot find module 'detect-libc'
Require stack:
- D:\ED位置\Easy Dataset\resources\app.asar\node_modules\sharp\lib\sharp.js
- D:\ED位置\Easy Dataset\resources\app.asar\node_modules\sharp\lib\constructor.js
- D:\ED位置\Easy Dataset\resources\app.asar\node_modules\sharp\lib\index.js
- D:\ED位置\Easy Dataset\resources\app.asar\.next\server\app\api\projects\[projectId]\files\route.js
- D:\ED位置\Easy Dataset\resources\app.asar\node_modules\next\dist\server\require.js
- D:\ED位置\Easy Dataset\resources\app.asar\node_modules\next\dist\server\next-server.js
- D:\ED位置\Easy Dataset\resources\app.asar\node_modules\next\dist\server\next.js
- D:\ED位置\Easy Dataset\resources\app.asar\electron\modules\server.js
- D:\ED位置\Easy Dataset\resources\app.asar\electron\main.js
- 
Error: Cannot find module 'detect-libc'
Require stack:
- D:\ED位置\Easy Dataset\resources\app.asar\node_modules\sharp\lib\sharp.js
- D:\ED位置\Easy Dataset\resources\app.asar\node_modules\sharp\lib\constructor.js
- D:\ED位置\Easy Dataset\resources\app.asar\node_modules\sharp\lib\index.js
- D:\ED位置\Easy Dataset\resources\app.asar\.next\server\app\api\projects\[projectId]\files\route.js
- D:\ED位置\Easy Dataset\resources\app.asar\node_modules\next\dist\server\require.js
- D:\ED位置\Easy Dataset\resources\app.asar\node_modules\next\dist\server\next-server.js
- D:\ED位置\Easy Dataset\resources\app.asar\node_modules\next\dist\server\next.js
- D:\ED位置\Easy Dataset\resources\app.asar\electron\modules\server.js
- D:\ED位置\Easy Dataset\resources\app.asar\electron\main.js
- 
    at Module._resolveFilename (node:internal/modules/cjs/loader:1408:15)
    at s._resolveFilename (node:electron/js2c/browser_init:2:129227)
    at D:\ED位置\Easy Dataset\resources\app.asar\node_modules\next\dist\server\require-hook.js:55:36
    at defaultResolveImpl (node:internal/modules/cjs/loader:1064:19)
    at resolveForCJSWithHooks (node:internal/modules/cjs/loader:1069:22)
    at Module._load (node:internal/modules/cjs/loader:1218:37)
    at c._load (node:electron/js2c/node_init:2:17950)
    at TracingChannel.traceSync (node:diagnostics_channel:322:14)
    at wrapModuleLoad (node:internal/modules/cjs/loader:242:24)
    at Module.require (node:internal/modules/cjs/loader:1494:12)
[2026-06-29T01:37:15.062Z] [ERROR]  ⨯ Error: Cannot find module 'client-only'
Require stack:
- D:\ED位置\Easy Dataset\resources\app.asar\node_modules\styled-jsx\dist\index\index.js
- D:\ED位置\Easy Dataset\resources\app.asar\node_modules\styled-jsx\index.js
- D:\ED位置\Easy Dataset\resources\app.asar\node_modules\next\dist\compiled\next-server\pages.runtime.prod.js
- D:\ED位置\Easy Dataset\resources\app.asar\.next\server\pages\_document.js
- D:\ED位置\Easy Dataset\resources\app.asar\node_modules\next\dist\server\require.js
- D:\ED位置\Easy Dataset\resources\app.asar\node_modules\next\dist\server\next-server.js
- D:\ED位置\Easy Dataset\resources\app.asar\node_modules\next\dist\server\next.js
- D:\ED位置\Easy Dataset\resources\app.asar\electron\modules\server.js
- D:\ED位置\Easy Dataset\resources\app.asar\electron\main.js
- 
Error: Cannot find module 'client-only'
Require stack:
- D:\ED位置\Easy Dataset\resources\app.asar\node_modules\styled-jsx\dist\index\index.js
- D:\ED位置\Easy Dataset\resources\app.asar\node_modules\styled-jsx\index.js
- D:\ED位置\Easy Dataset\resources\app.asar\node_modules\next\dist\compiled\next-server\pages.runtime.prod.js
- D:\ED位置\Easy Dataset\resources\app.asar\.next\server\pages\_document.js
- D:\ED位置\Easy Dataset\resources\app.asar\node_modules\next\dist\server\require.js
- D:\ED位置\Easy Dataset\resources\app.asar\node_modules\next\dist\server\next-server.js
- D:\ED位置\Easy Dataset\resources\app.asar\node_modules\next\dist\server\next.js
- D:\ED位置\Easy Dataset\resources\app.asar\electron\modules\server.js
- D:\ED位置\Easy Dataset\resources\app.asar\electron\main.js
- 
    at Module._resolveFilename (node:internal/modules/cjs/loader:1408:15)
    at s._resolveFilename (node:electron/js2c/browser_init:2:129227)
    at D:\ED位置\Easy Dataset\resources\app.asar\node_modules\next\dist\server\require-hook.js:55:36
    at defaultResolveImpl (node:internal/modules/cjs/loader:1064:19)
    at resolveForCJSWithHooks (node:internal/modules/cjs/loader:1069:22)
    at Module._load (node:internal/modules/cjs/loader:1218:37)
    at c._load (node:electron/js2c/node_init:2:17950)
    at TracingChannel.traceSync (node:diagnostics_channel:322:14)
    at wrapModuleLoad (node:internal/modules/cjs/loader:242:24)
    at Module.require (node:internal/modules/cjs/loader:1494:12)
[2026-06-29T01:37:15.073Z] [LOG] [Request] GET /api/projects/c3qeE6s42KqZ/split?filter=all
[2026-06-29T01:37:15.074Z] [ERROR]  ⨯ Error: Cannot find module 'detect-libc'
Require stack:
- D:\ED位置\Easy Dataset\resources\app.asar\node_modules\sharp\lib\sharp.js
- D:\ED位置\Easy Dataset\resources\app.asar\node_modules\sharp\lib\constructor.js
- D:\ED位置\Easy Dataset\resources\app.asar\node_modules\sharp\lib\index.js
- D:\ED位置\Easy Dataset\resources\app.asar\.next\server\app\api\projects\[projectId]\files\route.js
- D:\ED位置\Easy Dataset\resources\app.asar\node_modules\next\dist\server\require.js
- D:\ED位置\Easy Dataset\resources\app.asar\node_modules\next\dist\server\next-server.js
- D:\ED位置\Easy Dataset\resources\app.asar\node_modules\next\dist\server\next.js
- D:\ED位置\Easy Dataset\resources\app.asar\electron\modules\server.js
- D:\ED位置\Easy Dataset\resources\app.asar\electron\main.js
- 
Error: Cannot find module 'detect-libc'
Require stack:
- D:\ED位置\Easy Dataset\resources\app.asar\node_modules\sharp\lib\sharp.js
- D:\ED位置\Easy Dataset\resources\app.asar\node_modules\sharp\lib\constructor.js
- D:\ED位置\Easy Dataset\resources\app.asar\node_modules\sharp\lib\index.js
- D:\ED位置\Easy Dataset\resources\app.asar\.next\server\app\api\projects\[projectId]\files\route.js
- D:\ED位置\Easy Dataset\resources\app.asar\node_modules\next\dist\server\require.js
- D:\ED位置\Easy Dataset\resources\app.asar\node_modules\next\dist\server\next-server.js
- D:\ED位置\Easy Dataset\resources\app.asar\node_modules\next\dist\server\next.js
- D:\ED位置\Easy Dataset\resources\app.asar\electron\modules\server.js
- D:\ED位置\Easy Dataset\resources\app.asar\electron\main.js
- 
    at Module._resolveFilename (node:internal/modules/cjs/loader:1408:15)
    at s._resolveFilename (node:electron/js2c/browser_init:2:129227)
    at D:\ED位置\Easy Dataset\resources\app.asar\node_modules\next\dist\server\require-hook.js:55:36
    at defaultResolveImpl (node:internal/modules/cjs/loader:1064:19)
    at resolveForCJSWithHooks (node:internal/modules/cjs/loader:1069:22)
    at Module._load (node:internal/modules/cjs/loader:1218:37)
    at c._load (node:electron/js2c/node_init:2:17950)
    at TracingChannel.traceSync (node:diagnostics_channel:322:14)
    at wrapModuleLoad (node:internal/modules/cjs/loader:242:24)
    at Module.require (node:internal/modules/cjs/loader:1494:12)
[2026-06-29T01:37:15.078Z] [ERROR]  ⨯ Error: Cannot find module 'client-only'
Require stack:
- D:\ED位置\Easy Dataset\resources\app.asar\node_modules\styled-jsx\dist\index\index.js
- D:\ED位置\Easy Dataset\resources\app.asar\node_modules\styled-jsx\index.js
- D:\ED位置\Easy Dataset\resources\app.asar\node_modules\next\dist\compiled\next-server\pages.runtime.prod.js
- D:\ED位置\Easy Dataset\resources\app.asar\.next\server\pages\_document.js
- D:\ED位置\Easy Dataset\resources\app.asar\node_modules\next\dist\server\require.js
- D:\ED位置\Easy Dataset\resources\app.asar\node_modules\next\dist\server\next-server.js
- D:\ED位置\Easy Dataset\resources\app.asar\node_modules\next\dist\server\next.js
- D:\ED位置\Easy Dataset\resources\app.asar\electron\modules\server.js
- D:\ED位置\Easy Dataset\resources\app.asar\electron\main.js
- 
Error: Cannot find module 'client-only'
Require stack:
- D:\ED位置\Easy Dataset\resources\app.asar\node_modules\styled-jsx\dist\index\index.js
- D:\ED位置\Easy Dataset\resources\app.asar\node_modules\styled-jsx\index.js
- D:\ED位置\Easy Dataset\resources\app.asar\node_modules\next\dist\compiled\next-server\pages.runtime.prod.js
- D:\ED位置\Easy Dataset\resources\app.asar\.next\server\pages\_document.js
- D:\ED位置\Easy Dataset\resources\app.asar\node_modules\next\dist\server\require.js
- D:\ED位置\Easy Dataset\resources\app.asar\node_modules\next\dist\server\next-server.js
- D:\ED位置\Easy Dataset\resources\app.asar\node_modules\next\dist\server\next.js
- D:\ED位置\Easy Dataset\resources\app.asar\electron\modules\server.js
- D:\ED位置\Easy Dataset\resources\app.asar\electron\main.js
- 
    at Module._resolveFilename (node:internal/modules/cjs/loader:1408:15)
    at s._resolveFilename (node:electron/js2c/browser_init:2:129227)
    at D:\ED位置\Easy Dataset\resources\app.asar\node_modules\next\dist\server\require-hook.js:55:36
    at defaultResolveImpl (node:internal/modules/cjs/loader:1064:19)
    at resolveForCJSWithHooks (node:internal/modules/cjs/loader:1069:22)
    at Module._load (node:internal/modules/cjs/loader:1218:37)
    at c._load (node:electron/js2c/node_init:2:17950)
    at TracingChannel.traceSync (node:diagnostics_channel:322:14)
    at wrapModuleLoad (node:internal/modules/cjs/loader:242:24)
    at Module.require (node:internal/modules/cjs/loader:1494:12)
[2026-06-29T01:37:15.081Z] [LOG] No tasks to recover
[2026-06-29T01:37:22.333Z] [LOG] [Request] GET /projects/c3qeE6s42KqZ/datasets?_rsc=1b7xm
[2026-06-29T01:37:22.347Z] [LOG] [Request] GET /projects/c3qeE6s42KqZ/eval-datasets?_rsc=1b7xm
[2026-06-29T01:37:22.364Z] [LOG] [Request] GET /projects/c3qeE6s42KqZ/eval-tasks?_rsc=1b7xm
[2026-06-29T01:37:22.372Z] [LOG] [Request] GET /projects/c3qeE6s42KqZ/blind-test-tasks?_rsc=1b7xm
[2026-06-29T01:37:22.378Z] [LOG] [Request] GET /projects/c3qeE6s42KqZ/image-datasets?_rsc=1b7xm
[2026-06-29T01:37:22.391Z] [LOG] [Request] GET /projects/c3qeE6s42KqZ/settings?_rsc=1b7xm
[2026-06-29T01:37:22.401Z] [LOG] [Request] GET /projects/c3qeE6s42KqZ/playground?_rsc=1b7xm
[2026-06-29T01:37:22.411Z] [LOG] [Request] GET /dataset-square?_rsc=1b7xm
[2026-06-29T01:37:22.718Z] [LOG] [Request] GET /projects/c3qeE6s42KqZ/images?_rsc=1b7xm
[2026-06-29T01:37:23.367Z] [LOG] [Request] GET /
[2026-06-29T01:37:23.410Z] [LOG] [Request] GET /imgs/logo.svg
[2026-06-29T01:37:23.447Z] [LOG] [Request] GET /api/projects
[2026-06-29T01:37:23.474Z] [LOG] [Request] GET /imgs/grid-pattern.png
[2026-06-29T01:37:23.483Z] [LOG] [Request] GET /api/projects
[2026-06-29T01:37:23.497Z] [LOG] [Request] GET /projects/undefined/distill?_rsc=19zvn
[2026-06-29T01:37:23.502Z] [LOG] [Request] GET /projects/undefined/questions?_rsc=19zvn
[2026-06-29T01:37:23.522Z] [LOG] [Request] GET /api/projects/unmigrated
[2026-06-29T01:37:23.696Z] [LOG] [Request] GET /projects/c3qeE6s42KqZ?_rsc=19zvn
[2026-06-29T01:37:23.699Z] [LOG] [Request] GET /projects/zfRelZX0xH2R?_rsc=19zvn
[2026-06-29T01:37:23.700Z] [LOG] [Request] GET /projects/STcFmwiBU9Ou?_rsc=19zvn
[2026-06-29T01:37:24.246Z] [LOG] [Request] GET /projects/jhdS0TGamyyV?_rsc=19zvn
[2026-06-29T01:37:24.247Z] [LOG] [Request] GET /projects/Q6zG_WZQEyZP?_rsc=19zvn
[2026-06-29T01:37:24.249Z] [LOG] [Request] GET /projects/w3F5tE9Cuomg?_rsc=19zvn
[2026-06-29T01:37:24.371Z] [LOG] [Request] GET /projects/kWIV4LsfcEuY?_rsc=19zvn
[2026-06-29T01:37:24.373Z] [LOG] [Request] GET /projects/MsSZvoUBfeQ1?_rsc=19zvn
[2026-06-29T01:37:24.375Z] [LOG] [Request] GET /projects/ziyvh_l8UMP2?_rsc=19zvn
[2026-06-29T01:37:25.416Z] [LOG] [Request] GET /projects/F6WNNx3h6_2d?_rsc=19zvn
[2026-06-29T01:37:25.417Z] [LOG] [Request] GET /projects/6bSq31vpBWma?_rsc=19zvn
[2026-06-29T01:37:25.419Z] [LOG] [Request] GET /projects/1vY7kNsJyWRK?_rsc=19zvn
[2026-06-29T01:37:25.935Z] [LOG] [Request] GET /projects/SwGhn6UrpQbT?_rsc=19zvn
[2026-06-29T01:37:25.937Z] [LOG] [Request] GET /projects/6DkM0RIhxHrK?_rsc=19zvn
[2026-06-29T01:37:25.938Z] [LOG] [Request] GET /projects/KyLlzkWD-8Yk?_rsc=19zvn
[2026-06-29T01:37:26.771Z] [LOG] [Request] GET /projects/1AKc2c3-BPfY?_rsc=19zvn
[2026-06-29T01:37:26.774Z] [LOG] [Request] GET /projects/4mmyaLxi_vOL?_rsc=19zvn
[2026-06-29T01:37:26.776Z] [LOG] [Request] GET /projects/_iiNvcN8EgQD?_rsc=19zvn
[2026-06-29T01:37:27.418Z] [LOG] [Request] GET /projects/xTq1DXvj0Mmz?_rsc=19zvn
[2026-06-29T01:37:27.420Z] [LOG] [Request] GET /projects/YcBYXSQhxn_e?_rsc=19zvn
[2026-06-29T01:37:27.421Z] [LOG] [Request] GET /projects/GcHwLZK5zeb6?_rsc=19zvn
[2026-06-29T01:37:41.651Z] [ERROR] Error: Error: net::ERR_CONNECTION_RESET
    at SimpleURLLoaderWrapper.<anonymous> (node:electron/js2c/browser_init:2:123516)
    at SimpleURLLoaderWrapper.emit (node:events:518:28)
    at SimpleURLLoaderWrapper.callbackTrampoline (node:internal/async_hooks:130:17)
[2026-06-29T01:37:41.651Z] [ERROR] Automatic update check failed: Error: net::ERR_CONNECTION_RESET
Error: net::ERR_CONNECTION_RESET
    at SimpleURLLoaderWrapper.<anonymous> (node:electron/js2c/browser_init:2:123516)
    at SimpleURLLoaderWrapper.emit (node:events:518:28)
    at SimpleURLLoaderWrapper.callbackTrampoline (node:internal/async_hooks:130:17)
[2026-06-29T01:37:42.080Z] [LOG] [Request] GET /projects/GcHwLZK5zeb6?_rsc=80ivk
[2026-06-29T01:37:42.112Z] [LOG] [Request] GET /api/projects
[2026-06-29T01:37:42.113Z] [LOG] [Request] GET /api/projects/GcHwLZK5zeb6
[2026-06-29T01:37:42.115Z] [LOG] [Request] GET /api/projects/GcHwLZK5zeb6/model-config
[2026-06-29T01:37:42.164Z] [LOG] [Request] GET /projects/GcHwLZK5zeb6/text-split?_rsc=mrjwx
[2026-06-29T01:37:42.166Z] [LOG] [Request] GET /api/projects/GcHwLZK5zeb6/model-config
[2026-06-29T01:37:42.200Z] [LOG] [Request] GET /projects/GcHwLZK5zeb6/distill?_rsc=8lk9v
[2026-06-29T01:37:42.203Z] [LOG] [Request] GET /projects/GcHwLZK5zeb6/questions?_rsc=8lk9v
[2026-06-29T01:37:42.211Z] [LOG] [Request] GET /imgs/models/deepseek.svg
[2026-06-29T01:37:42.265Z] [LOG] [Request] GET /projects/GcHwLZK5zeb6/multi-turn?_rsc=1376w
[2026-06-29T01:37:42.269Z] [LOG] [Request] GET /api/projects/GcHwLZK5zeb6/tasks/list?status=0
[2026-06-29T01:37:42.271Z] [LOG] [Request] GET /api/projects/GcHwLZK5zeb6/files?page=1&pageSize=10
[2026-06-29T01:37:42.272Z] [ERROR]  ⨯ Error: Cannot find module 'detect-libc'
Require stack:
- D:\ED位置\Easy Dataset\resources\app.asar\node_modules\sharp\lib\sharp.js
- D:\ED位置\Easy Dataset\resources\app.asar\node_modules\sharp\lib\constructor.js
- D:\ED位置\Easy Dataset\resources\app.asar\node_modules\sharp\lib\index.js
- D:\ED位置\Easy Dataset\resources\app.asar\.next\server\app\api\projects\[projectId]\files\route.js
- D:\ED位置\Easy Dataset\resources\app.asar\node_modules\next\dist\server\require.js
- D:\ED位置\Easy Dataset\resources\app.asar\node_modules\next\dist\server\next-server.js
- D:\ED位置\Easy Dataset\resources\app.asar\node_modules\next\dist\server\next.js
- D:\ED位置\Easy Dataset\resources\app.asar\electron\modules\server.js
- D:\ED位置\Easy Dataset\resources\app.asar\electron\main.js
- 
Error: Cannot find module 'detect-libc'
Require stack:
- D:\ED位置\Easy Dataset\resources\app.asar\node_modules\sharp\lib\sharp.js
- D:\ED位置\Easy Dataset\resources\app.asar\node_modules\sharp\lib\constructor.js
- D:\ED位置\Easy Dataset\resources\app.asar\node_modules\sharp\lib\index.js
- D:\ED位置\Easy Dataset\resources\app.asar\.next\server\app\api\projects\[projectId]\files\route.js
- D:\ED位置\Easy Dataset\resources\app.asar\node_modules\next\dist\server\require.js
- D:\ED位置\Easy Dataset\resources\app.asar\node_modules\next\dist\server\next-server.js
- D:\ED位置\Easy Dataset\resources\app.asar\node_modules\next\dist\server\next.js
- D:\ED位置\Easy Dataset\resources\app.asar\electron\modules\server.js
- D:\ED位置\Easy Dataset\resources\app.asar\electron\main.js
- 
    at Module._resolveFilename (node:internal/modules/cjs/loader:1408:15)
    at s._resolveFilename (node:electron/js2c/browser_init:2:129227)
    at D:\ED位置\Easy Dataset\resources\app.asar\node_modules\next\dist\server\require-hook.js:55:36
    at defaultResolveImpl (node:internal/modules/cjs/loader:1064:19)
    at resolveForCJSWithHooks (node:internal/modules/cjs/loader:1069:22)
    at Module._load (node:internal/modules/cjs/loader:1218:37)
    at c._load (node:electron/js2c/node_init:2:17950)
    at TracingChannel.traceSync (node:diagnostics_channel:322:14)
    at wrapModuleLoad (node:internal/modules/cjs/loader:242:24)
    at Module.require (node:internal/modules/cjs/loader:1494:12)
[2026-06-29T01:37:42.276Z] [ERROR]  ⨯ Error: Cannot find module 'client-only'
Require stack:
- D:\ED位置\Easy Dataset\resources\app.asar\node_modules\styled-jsx\dist\index\index.js
- D:\ED位置\Easy Dataset\resources\app.asar\node_modules\styled-jsx\index.js
- D:\ED位置\Easy Dataset\resources\app.asar\node_modules\next\dist\compiled\next-server\pages.runtime.prod.js
- D:\ED位置\Easy Dataset\resources\app.asar\.next\server\pages\_document.js
- D:\ED位置\Easy Dataset\resources\app.asar\node_modules\next\dist\server\require.js
- D:\ED位置\Easy Dataset\resources\app.asar\node_modules\next\dist\server\next-server.js
- D:\ED位置\Easy Dataset\resources\app.asar\node_modules\next\dist\server\next.js
- D:\ED位置\Easy Dataset\resources\app.asar\electron\modules\server.js
- D:\ED位置\Easy Dataset\resources\app.asar\electron\main.js
- 
Error: Cannot find module 'client-only'
Require stack:
- D:\ED位置\Easy Dataset\resources\app.asar\node_modules\styled-jsx\dist\index\index.js
- D:\ED位置\Easy Dataset\resources\app.asar\node_modules\styled-jsx\index.js
- D:\ED位置\Easy Dataset\resources\app.asar\node_modules\next\dist\compiled\next-server\pages.runtime.prod.js
- D:\ED位置\Easy Dataset\resources\app.asar\.next\server\pages\_document.js
- D:\ED位置\Easy Dataset\resources\app.asar\node_modules\next\dist\server\require.js
- D:\ED位置\Easy Dataset\resources\app.asar\node_modules\next\dist\server\next-server.js
- D:\ED位置\Easy Dataset\resources\app.asar\node_modules\next\dist\server\next.js
- D:\ED位置\Easy Dataset\resources\app.asar\electron\modules\server.js
- D:\ED位置\Easy Dataset\resources\app.asar\electron\main.js
- 
    at Module._resolveFilename (node:internal/modules/cjs/loader:1408:15)
    at s._resolveFilename (node:electron/js2c/browser_init:2:129227)
    at D:\ED位置\Easy Dataset\resources\app.asar\node_modules\next\dist\server\require-hook.js:55:36
    at defaultResolveImpl (node:internal/modules/cjs/loader:1064:19)
    at resolveForCJSWithHooks (node:internal/modules/cjs/loader:1069:22)
    at Module._load (node:internal/modules/cjs/loader:1218:37)
    at c._load (node:electron/js2c/node_init:2:17950)
    at TracingChannel.traceSync (node:diagnostics_channel:322:14)
    at wrapModuleLoad (node:internal/modules/cjs/loader:242:24)
    at Module.require (node:internal/modules/cjs/loader:1494:12)
[2026-06-29T01:37:42.280Z] [LOG] [Request] GET /api/projects/GcHwLZK5zeb6/tasks
[2026-06-29T01:37:42.281Z] [ERROR]  ⨯ Error: Cannot find module 'unpdf'
Require stack:
- D:\ED位置\Easy Dataset\resources\app.asar\node_modules\@opendocsg\pdf2md\lib\util\pdf.js
- D:\ED位置\Easy Dataset\resources\app.asar\node_modules\@opendocsg\pdf2md\lib\pdf2md.js
- D:\ED位置\Easy Dataset\resources\app.asar\.next\server\app\api\projects\[projectId]\tasks\route.js
- D:\ED位置\Easy Dataset\resources\app.asar\node_modules\next\dist\server\require.js
- D:\ED位置\Easy Dataset\resources\app.asar\node_modules\next\dist\server\next-server.js
- D:\ED位置\Easy Dataset\resources\app.asar\node_modules\next\dist\server\next.js
- D:\ED位置\Easy Dataset\resources\app.asar\electron\modules\server.js
- D:\ED位置\Easy Dataset\resources\app.asar\electron\main.js
- 
Error: Cannot find module 'unpdf'
Require stack:
- D:\ED位置\Easy Dataset\resources\app.asar\node_modules\@opendocsg\pdf2md\lib\util\pdf.js
- D:\ED位置\Easy Dataset\resources\app.asar\node_modules\@opendocsg\pdf2md\lib\pdf2md.js
- D:\ED位置\Easy Dataset\resources\app.asar\.next\server\app\api\projects\[projectId]\tasks\route.js
- D:\ED位置\Easy Dataset\resources\app.asar\node_modules\next\dist\server\require.js
- D:\ED位置\Easy Dataset\resources\app.asar\node_modules\next\dist\server\next-server.js
- D:\ED位置\Easy Dataset\resources\app.asar\node_modules\next\dist\server\next.js
- D:\ED位置\Easy Dataset\resources\app.asar\electron\modules\server.js
- D:\ED位置\Easy Dataset\resources\app.asar\electron\main.js
- 
    at Module._resolveFilename (node:internal/modules/cjs/loader:1408:15)
    at s._resolveFilename (node:electron/js2c/browser_init:2:129227)
    at D:\ED位置\Easy Dataset\resources\app.asar\node_modules\next\dist\server\require-hook.js:55:36
    at defaultResolveImpl (node:internal/modules/cjs/loader:1064:19)
    at resolveForCJSWithHooks (node:internal/modules/cjs/loader:1069:22)
    at Module._load (node:internal/modules/cjs/loader:1218:37)
    at c._load (node:electron/js2c/node_init:2:17950)
    at TracingChannel.traceSync (node:diagnostics_channel:322:14)
    at wrapModuleLoad (node:internal/modules/cjs/loader:242:24)
    at Module.require (node:internal/modules/cjs/loader:1494:12)
[2026-06-29T01:37:42.285Z] [ERROR]  ⨯ Error: Cannot find module 'client-only'
Require stack:
- D:\ED位置\Easy Dataset\resources\app.asar\node_modules\styled-jsx\dist\index\index.js
- D:\ED位置\Easy Dataset\resources\app.asar\node_modules\styled-jsx\index.js
- D:\ED位置\Easy Dataset\resources\app.asar\node_modules\next\dist\compiled\next-server\pages.runtime.prod.js
- D:\ED位置\Easy Dataset\resources\app.asar\.next\server\pages\_document.js
- D:\ED位置\Easy Dataset\resources\app.asar\node_modules\next\dist\server\require.js
- D:\ED位置\Easy Dataset\resources\app.asar\node_modules\next\dist\server\next-server.js
- D:\ED位置\Easy Dataset\resources\app.asar\node_modules\next\dist\server\next.js
- D:\ED位置\Easy Dataset\resources\app.asar\electron\modules\server.js
- D:\ED位置\Easy Dataset\resources\app.asar\electron\main.js
- 
Error: Cannot find module 'client-only'
Require stack:
- D:\ED位置\Easy Dataset\resources\app.asar\node_modules\styled-jsx\dist\index\index.js
- D:\ED位置\Easy Dataset\resources\app.asar\node_modules\styled-jsx\index.js
- D:\ED位置\Easy Dataset\resources\app.asar\node_modules\next\dist\compiled\next-server\pages.runtime.prod.js
- D:\ED位置\Easy Dataset\resources\app.asar\.next\server\pages\_document.js
- D:\ED位置\Easy Dataset\resources\app.asar\node_modules\next\dist\server\require.js
- D:\ED位置\Easy Dataset\resources\app.asar\node_modules\next\dist\server\next-server.js
- D:\ED位置\Easy Dataset\resources\app.asar\node_modules\next\dist\server\next.js
- D:\ED位置\Easy Dataset\resources\app.asar\electron\modules\server.js
- D:\ED位置\Easy Dataset\resources\app.asar\electron\main.js
- 
    at Module._resolveFilename (node:internal/modules/cjs/loader:1408:15)
    at s._resolveFilename (node:electron/js2c/browser_init:2:129227)
    at D:\ED位置\Easy Dataset\resources\app.asar\node_modules\next\dist\server\require-hook.js:55:36
    at defaultResolveImpl (node:internal/modules/cjs/loader:1064:19)
    at resolveForCJSWithHooks (node:internal/modules/cjs/loader:1069:22)
    at Module._load (node:internal/modules/cjs/loader:1218:37)
    at c._load (node:electron/js2c/node_init:2:17950)
    at TracingChannel.traceSync (node:diagnostics_channel:322:14)
    at wrapModuleLoad (node:internal/modules/cjs/loader:242:24)
    at Module.require (node:internal/modules/cjs/loader:1494:12)
[2026-06-29T01:37:42.285Z] [LOG] [Request] GET /api/projects/GcHwLZK5zeb6/split?filter=all
[2026-06-29T01:37:42.286Z] [ERROR]  ⨯ Error: Cannot find module 'detect-libc'
Require stack:
- D:\ED位置\Easy Dataset\resources\app.asar\node_modules\sharp\lib\sharp.js
- D:\ED位置\Easy Dataset\resources\app.asar\node_modules\sharp\lib\constructor.js
- D:\ED位置\Easy Dataset\resources\app.asar\node_modules\sharp\lib\index.js
- D:\ED位置\Easy Dataset\resources\app.asar\.next\server\app\api\projects\[projectId]\files\route.js
- D:\ED位置\Easy Dataset\resources\app.asar\node_modules\next\dist\server\require.js
- D:\ED位置\Easy Dataset\resources\app.asar\node_modules\next\dist\server\next-server.js
- D:\ED位置\Easy Dataset\resources\app.asar\node_modules\next\dist\server\next.js
- D:\ED位置\Easy Dataset\resources\app.asar\electron\modules\server.js
- D:\ED位置\Easy Dataset\resources\app.asar\electron\main.js
- 
Error: Cannot find module 'detect-libc'
Require stack:
- D:\ED位置\Easy Dataset\resources\app.asar\node_modules\sharp\lib\sharp.js
- D:\ED位置\Easy Dataset\resources\app.asar\node_modules\sharp\lib\constructor.js
- D:\ED位置\Easy Dataset\resources\app.asar\node_modules\sharp\lib\index.js
- D:\ED位置\Easy Dataset\resources\app.asar\.next\server\app\api\projects\[projectId]\files\route.js
- D:\ED位置\Easy Dataset\resources\app.asar\node_modules\next\dist\server\require.js
- D:\ED位置\Easy Dataset\resources\app.asar\node_modules\next\dist\server\next-server.js
- D:\ED位置\Easy Dataset\resources\app.asar\node_modules\next\dist\server\next.js
- D:\ED位置\Easy Dataset\resources\app.asar\electron\modules\server.js
- D:\ED位置\Easy Dataset\resources\app.asar\electron\main.js
- 
    at Module._resolveFilename (node:internal/modules/cjs/loader:1408:15)
    at s._resolveFilename (node:electron/js2c/browser_init:2:129227)
    at D:\ED位置\Easy Dataset\resources\app.asar\node_modules\next\dist\server\require-hook.js:55:36
    at defaultResolveImpl (node:internal/modules/cjs/loader:1064:19)
    at resolveForCJSWithHooks (node:internal/modules/cjs/loader:1069:22)
    at Module._load (node:internal/modules/cjs/loader:1218:37)
    at c._load (node:electron/js2c/node_init:2:17950)
    at TracingChannel.traceSync (node:diagnostics_channel:322:14)
    at wrapModuleLoad (node:internal/modules/cjs/loader:242:24)
    at Module.require (node:internal/modules/cjs/loader:1494:12)
[2026-06-29T01:37:42.289Z] [ERROR]  ⨯ Error: Cannot find module 'client-only'
Require stack:
- D:\ED位置\Easy Dataset\resources\app.asar\node_modules\styled-jsx\dist\index\index.js
- D:\ED位置\Easy Dataset\resources\app.asar\node_modules\styled-jsx\index.js
- D:\ED位置\Easy Dataset\resources\app.asar\node_modules\next\dist\compiled\next-server\pages.runtime.prod.js
- D:\ED位置\Easy Dataset\resources\app.asar\.next\server\pages\_document.js
- D:\ED位置\Easy Dataset\resources\app.asar\node_modules\next\dist\server\require.js
- D:\ED位置\Easy Dataset\resources\app.asar\node_modules\next\dist\server\next-server.js
- D:\ED位置\Easy Dataset\resources\app.asar\node_modules\next\dist\server\next.js
- D:\ED位置\Easy Dataset\resources\app.asar\electron\modules\server.js
- D:\ED位置\Easy Dataset\resources\app.asar\electron\main.js
- 
Error: Cannot find module 'client-only'
Require stack:
- D:\ED位置\Easy Dataset\resources\app.asar\node_modules\styled-jsx\dist\index\index.js
- D:\ED位置\Easy Dataset\resources\app.asar\node_modules\styled-jsx\index.js
- D:\ED位置\Easy Dataset\resources\app.asar\node_modules\next\dist\compiled\next-server\pages.runtime.prod.js
- D:\ED位置\Easy Dataset\resources\app.asar\.next\server\pages\_document.js
- D:\ED位置\Easy Dataset\resources\app.asar\node_modules\next\dist\server\require.js
- D:\ED位置\Easy Dataset\resources\app.asar\node_modules\next\dist\server\next-server.js
- D:\ED位置\Easy Dataset\resources\app.asar\node_modules\next\dist\server\next.js
- D:\ED位置\Easy Dataset\resources\app.asar\electron\modules\server.js
- D:\ED位置\Easy Dataset\resources\app.asar\electron\main.js
- 
    at Module._resolveFilename (node:internal/modules/cjs/loader:1408:15)
    at s._resolveFilename (node:electron/js2c/browser_init:2:129227)
    at D:\ED位置\Easy Dataset\resources\app.asar\node_modules\next\dist\server\require-hook.js:55:36
    at defaultResolveImpl (node:internal/modules/cjs/loader:1064:19)
    at resolveForCJSWithHooks (node:internal/modules/cjs/loader:1069:22)
    at Module._load (node:internal/modules/cjs/loader:1218:37)
    at c._load (node:electron/js2c/node_init:2:17950)
    at TracingChannel.traceSync (node:diagnostics_channel:322:14)
    at wrapModuleLoad (node:internal/modules/cjs/loader:242:24)
    at Module.require (node:internal/modules/cjs/loader:1494:12)
[2026-06-29T01:37:42.290Z] [LOG] [Request] GET /api/projects/GcHwLZK5zeb6/files?page=1&size=10
[2026-06-29T01:37:42.291Z] [ERROR]  ⨯ Error: Cannot find module 'detect-libc'
Require stack:
- D:\ED位置\Easy Dataset\resources\app.asar\node_modules\sharp\lib\sharp.js
- D:\ED位置\Easy Dataset\resources\app.asar\node_modules\sharp\lib\constructor.js
- D:\ED位置\Easy Dataset\resources\app.asar\node_modules\sharp\lib\index.js
- D:\ED位置\Easy Dataset\resources\app.asar\.next\server\app\api\projects\[projectId]\files\route.js
- D:\ED位置\Easy Dataset\resources\app.asar\node_modules\next\dist\server\require.js
- D:\ED位置\Easy Dataset\resources\app.asar\node_modules\next\dist\server\next-server.js
- D:\ED位置\Easy Dataset\resources\app.asar\node_modules\next\dist\server\next.js
- D:\ED位置\Easy Dataset\resources\app.asar\electron\modules\server.js
- D:\ED位置\Easy Dataset\resources\app.asar\electron\main.js
- 
Error: Cannot find module 'detect-libc'
Require stack:
- D:\ED位置\Easy Dataset\resources\app.asar\node_modules\sharp\lib\sharp.js
- D:\ED位置\Easy Dataset\resources\app.asar\node_modules\sharp\lib\constructor.js
- D:\ED位置\Easy Dataset\resources\app.asar\node_modules\sharp\lib\index.js
- D:\ED位置\Easy Dataset\resources\app.asar\.next\server\app\api\projects\[projectId]\files\route.js
- D:\ED位置\Easy Dataset\resources\app.asar\node_modules\next\dist\server\require.js
- D:\ED位置\Easy Dataset\resources\app.asar\node_modules\next\dist\server\next-server.js
- D:\ED位置\Easy Dataset\resources\app.asar\node_modules\next\dist\server\next.js
- D:\ED位置\Easy Dataset\resources\app.asar\electron\modules\server.js
- D:\ED位置\Easy Dataset\resources\app.asar\electron\main.js
- 
    at Module._resolveFilename (node:internal/modules/cjs/loader:1408:15)
    at s._resolveFilename (node:electron/js2c/browser_init:2:129227)
    at D:\ED位置\Easy Dataset\resources\app.asar\node_modules\next\dist\server\require-hook.js:55:36
    at defaultResolveImpl (node:internal/modules/cjs/loader:1064:19)
    at resolveForCJSWithHooks (node:internal/modules/cjs/loader:1069:22)
    at Module._load (node:internal/modules/cjs/loader:1218:37)
    at c._load (node:electron/js2c/node_init:2:17950)
    at TracingChannel.traceSync (node:diagnostics_channel:322:14)
    at wrapModuleLoad (node:internal/modules/cjs/loader:242:24)
    at Module.require (node:internal/modules/cjs/loader:1494:12)
[2026-06-29T01:37:42.294Z] [ERROR]  ⨯ Error: Cannot find module 'client-only'
Require stack:
- D:\ED位置\Easy Dataset\resources\app.asar\node_modules\styled-jsx\dist\index\index.js
- D:\ED位置\Easy Dataset\resources\app.asar\node_modules\styled-jsx\index.js
- D:\ED位置\Easy Dataset\resources\app.asar\node_modules\next\dist\compiled\next-server\pages.runtime.prod.js
- D:\ED位置\Easy Dataset\resources\app.asar\.next\server\pages\_document.js
- D:\ED位置\Easy Dataset\resources\app.asar\node_modules\next\dist\server\require.js
- D:\ED位置\Easy Dataset\resources\app.asar\node_modules\next\dist\server\next-server.js
- D:\ED位置\Easy Dataset\resources\app.asar\node_modules\next\dist\server\next.js
- D:\ED位置\Easy Dataset\resources\app.asar\electron\modules\server.js
- D:\ED位置\Easy Dataset\resources\app.asar\electron\main.js
- 
Error: Cannot find module 'client-only'
Require stack:
- D:\ED位置\Easy Dataset\resources\app.asar\node_modules\styled-jsx\dist\index\index.js
- D:\ED位置\Easy Dataset\resources\app.asar\node_modules\styled-jsx\index.js
- D:\ED位置\Easy Dataset\resources\app.asar\node_modules\next\dist\compiled\next-server\pages.runtime.prod.js
- D:\ED位置\Easy Dataset\resources\app.asar\.next\server\pages\_document.js
- D:\ED位置\Easy Dataset\resources\app.asar\node_modules\next\dist\server\require.js
- D:\ED位置\Easy Dataset\resources\app.asar\node_modules\next\dist\server\next-server.js
- D:\ED位置\Easy Dataset\resources\app.asar\node_modules\next\dist\server\next.js
- D:\ED位置\Easy Dataset\resources\app.asar\electron\modules\server.js
- D:\ED位置\Easy Dataset\resources\app.asar\electron\main.js
- 
    at Module._resolveFilename (node:internal/modules/cjs/loader:1408:15)
    at s._resolveFilename (node:electron/js2c/browser_init:2:129227)
    at D:\ED位置\Easy Dataset\resources\app.asar\node_modules\next\dist\server\require-hook.js:55:36
    at defaultResolveImpl (node:internal/modules/cjs/loader:1064:19)
    at resolveForCJSWithHooks (node:internal/modules/cjs/loader:1069:22)
    at Module._load (node:internal/modules/cjs/loader:1218:37)
    at c._load (node:electron/js2c/node_init:2:17950)
    at TracingChannel.traceSync (node:diagnostics_channel:322:14)
    at wrapModuleLoad (node:internal/modules/cjs/loader:242:24)
    at Module.require (node:internal/modules/cjs/loader:1494:12)
[2026-06-29T01:37:42.298Z] [LOG] [Request] GET /api/projects/GcHwLZK5zeb6/split?filter=all
[2026-06-29T01:37:42.299Z] [ERROR]  ⨯ Error: Cannot find module 'detect-libc'
Require stack:
- D:\ED位置\Easy Dataset\resources\app.asar\node_modules\sharp\lib\sharp.js
- D:\ED位置\Easy Dataset\resources\app.asar\node_modules\sharp\lib\constructor.js
- D:\ED位置\Easy Dataset\resources\app.asar\node_modules\sharp\lib\index.js
- D:\ED位置\Easy Dataset\resources\app.asar\.next\server\app\api\projects\[projectId]\files\route.js
- D:\ED位置\Easy Dataset\resources\app.asar\node_modules\next\dist\server\require.js
- D:\ED位置\Easy Dataset\resources\app.asar\node_modules\next\dist\server\next-server.js
- D:\ED位置\Easy Dataset\resources\app.asar\node_modules\next\dist\server\next.js
- D:\ED位置\Easy Dataset\resources\app.asar\electron\modules\server.js
- D:\ED位置\Easy Dataset\resources\app.asar\electron\main.js
- 
Error: Cannot find module 'detect-libc'
Require stack:
- D:\ED位置\Easy Dataset\resources\app.asar\node_modules\sharp\lib\sharp.js
- D:\ED位置\Easy Dataset\resources\app.asar\node_modules\sharp\lib\constructor.js
- D:\ED位置\Easy Dataset\resources\app.asar\node_modules\sharp\lib\index.js
- D:\ED位置\Easy Dataset\resources\app.asar\.next\server\app\api\projects\[projectId]\files\route.js
- D:\ED位置\Easy Dataset\resources\app.asar\node_modules\next\dist\server\require.js
- D:\ED位置\Easy Dataset\resources\app.asar\node_modules\next\dist\server\next-server.js
- D:\ED位置\Easy Dataset\resources\app.asar\node_modules\next\dist\server\next.js
- D:\ED位置\Easy Dataset\resources\app.asar\electron\modules\server.js
- D:\ED位置\Easy Dataset\resources\app.asar\electron\main.js
- 
    at Module._resolveFilename (node:internal/modules/cjs/loader:1408:15)
    at s._resolveFilename (node:electron/js2c/browser_init:2:129227)
    at D:\ED位置\Easy Dataset\resources\app.asar\node_modules\next\dist\server\require-hook.js:55:36
    at defaultResolveImpl (node:internal/modules/cjs/loader:1064:19)
    at resolveForCJSWithHooks (node:internal/modules/cjs/loader:1069:22)
    at Module._load (node:internal/modules/cjs/loader:1218:37)
    at c._load (node:electron/js2c/node_init:2:17950)
    at TracingChannel.traceSync (node:diagnostics_channel:322:14)
    at wrapModuleLoad (node:internal/modules/cjs/loader:242:24)
    at Module.require (node:internal/modules/cjs/loader:1494:12)
[2026-06-29T01:37:42.303Z] [ERROR]  ⨯ Error: Cannot find module 'client-only'
Require stack:
- D:\ED位置\Easy Dataset\resources\app.asar\node_modules\styled-jsx\dist\index\index.js
- D:\ED位置\Easy Dataset\resources\app.asar\node_modules\styled-jsx\index.js
- D:\ED位置\Easy Dataset\resources\app.asar\node_modules\next\dist\compiled\next-server\pages.runtime.prod.js
- D:\ED位置\Easy Dataset\resources\app.asar\.next\server\pages\_document.js
- D:\ED位置\Easy Dataset\resources\app.asar\node_modules\next\dist\server\require.js
- D:\ED位置\Easy Dataset\resources\app.asar\node_modules\next\dist\server\next-server.js
- D:\ED位置\Easy Dataset\resources\app.asar\node_modules\next\dist\server\next.js
- D:\ED位置\Easy Dataset\resources\app.asar\electron\modules\server.js
- D:\ED位置\Easy Dataset\resources\app.asar\electron\main.js
- 
Error: Cannot find module 'client-only'
Require stack:
- D:\ED位置\Easy Dataset\resources\app.asar\node_modules\styled-jsx\dist\index\index.js
- D:\ED位置\Easy Dataset\resources\app.asar\node_modules\styled-jsx\index.js
- D:\ED位置\Easy Dataset\resources\app.asar\node_modules\next\dist\compiled\next-server\pages.runtime.prod.js
- D:\ED位置\Easy Dataset\resources\app.asar\.next\server\pages\_document.js
- D:\ED位置\Easy Dataset\resources\app.asar\node_modules\next\dist\server\require.js
- D:\ED位置\Easy Dataset\resources\app.asar\node_modules\next\dist\server\next-server.js
- D:\ED位置\Easy Dataset\resources\app.asar\node_modules\next\dist\server\next.js
- D:\ED位置\Easy Dataset\resources\app.asar\electron\modules\server.js
- D:\ED位置\Easy Dataset\resources\app.asar\electron\main.js
- 
    at Module._resolveFilename (node:internal/modules/cjs/loader:1408:15)
    at s._resolveFilename (node:electron/js2c/browser_init:2:129227)
    at D:\ED位置\Easy Dataset\resources\app.asar\node_modules\next\dist\server\require-hook.js:55:36
    at defaultResolveImpl (node:internal/modules/cjs/loader:1064:19)
    at resolveForCJSWithHooks (node:internal/modules/cjs/loader:1069:22)
    at Module._load (node:internal/modules/cjs/loader:1218:37)
    at c._load (node:electron/js2c/node_init:2:17950)
    at TracingChannel.traceSync (node:diagnostics_channel:322:14)
    at wrapModuleLoad (node:internal/modules/cjs/loader:242:24)
    at Module.require (node:internal/modules/cjs/loader:1494:12)
[2026-06-29T01:37:45.008Z] [LOG] [Request] GET /projects/GcHwLZK5zeb6/images?_rsc=8lk9v
[2026-06-29T01:37:45.487Z] [LOG] [Request] GET /
[2026-06-29T01:37:45.546Z] [LOG] [Request] GET /imgs/logo.svg
[2026-06-29T01:37:45.577Z] [LOG] [Request] GET /api/projects
[2026-06-29T01:37:45.603Z] [LOG] [Request] GET /imgs/grid-pattern.png
[2026-06-29T01:37:45.608Z] [LOG] [Request] GET /api/projects
[2026-06-29T01:37:45.635Z] [LOG] [Request] GET /projects/undefined/distill?_rsc=19zvn
[2026-06-29T01:37:45.637Z] [LOG] [Request] GET /projects/undefined/questions?_rsc=19zvn
[2026-06-29T01:37:45.649Z] [LOG] [Request] GET /api/projects/unmigrated
[2026-06-29T01:37:45.785Z] [LOG] [Request] GET /projects/c3qeE6s42KqZ?_rsc=19zvn
[2026-06-29T01:37:45.787Z] [LOG] [Request] GET /projects/zfRelZX0xH2R?_rsc=19zvn
[2026-06-29T01:37:45.790Z] [LOG] [Request] GET /projects/STcFmwiBU9Ou?_rsc=19zvn
[2026-06-29T01:37:46.417Z] [LOG] [Request] GET /projects/jhdS0TGamyyV?_rsc=19zvn
[2026-06-29T01:37:46.419Z] [LOG] [Request] GET /projects/w3F5tE9Cuomg?_rsc=19zvn
[2026-06-29T01:37:46.420Z] [LOG] [Request] GET /projects/Q6zG_WZQEyZP?_rsc=19zvn
[2026-06-29T01:37:46.851Z] [LOG] [Request] GET /projects/kWIV4LsfcEuY?_rsc=19zvn
[2026-06-29T01:37:46.853Z] [LOG] [Request] GET /projects/MsSZvoUBfeQ1?_rsc=19zvn
[2026-06-29T01:37:46.854Z] [LOG] [Request] GET /projects/ziyvh_l8UMP2?_rsc=19zvn
[2026-06-29T01:37:47.101Z] [LOG] [Request] GET /projects/F6WNNx3h6_2d?_rsc=19zvn
[2026-06-29T01:37:47.103Z] [LOG] [Request] GET /projects/6bSq31vpBWma?_rsc=19zvn
[2026-06-29T01:37:47.105Z] [LOG] [Request] GET /projects/1vY7kNsJyWRK?_rsc=19zvn
[2026-06-29T01:37:48.500Z] [LOG] [Request] GET /projects/SwGhn6UrpQbT?_rsc=19zvn
[2026-06-29T01:37:48.501Z] [LOG] [Request] GET /projects/KyLlzkWD-8Yk?_rsc=19zvn
[2026-06-29T01:37:48.503Z] [LOG] [Request] GET /projects/6DkM0RIhxHrK?_rsc=19zvn
[2026-06-29T01:37:52.601Z] [LOG] [Request] GET /projects/1AKc2c3-BPfY?_rsc=19zvn
[2026-06-29T01:37:52.603Z] [LOG] [Request] GET /projects/4mmyaLxi_vOL?_rsc=19zvn
[2026-06-29T01:37:52.604Z] [LOG] [Request] GET /projects/_iiNvcN8EgQD?_rsc=19zvn
[2026-06-29T01:37:53.233Z] [LOG] [Request] GET /projects/xTq1DXvj0Mmz?_rsc=19zvn
[2026-06-29T01:37:53.235Z] [LOG] [Request] GET /projects/YcBYXSQhxn_e?_rsc=19zvn
[2026-06-29T01:37:53.236Z] [LOG] [Request] GET /projects/GcHwLZK5zeb6?_rsc=19zvn
[2026-06-29T01:37:54.313Z] [LOG] [Request] GET /projects/1AKc2c3-BPfY?_rsc=1nh27
[2026-06-29T01:37:54.339Z] [LOG] [Request] GET /api/projects
[2026-06-29T01:37:54.341Z] [LOG] [Request] GET /api/projects/1AKc2c3-BPfY
[2026-06-29T01:37:54.350Z] [LOG] [Request] GET /api/projects/1AKc2c3-BPfY/model-config
[2026-06-29T01:37:54.396Z] [LOG] [Request] GET /projects/1AKc2c3-BPfY/text-split?_rsc=nh1kh
[2026-06-29T01:37:54.398Z] [LOG] [Request] GET /api/projects/1AKc2c3-BPfY/model-config
[2026-06-29T01:37:54.438Z] [LOG] [Request] GET /projects/1AKc2c3-BPfY/distill?_rsc=w07za
[2026-06-29T01:37:54.440Z] [LOG] [Request] GET /projects/1AKc2c3-BPfY/questions?_rsc=w07za
[2026-06-29T01:37:54.450Z] [LOG] [Request] GET /imgs/models/deepseek.svg
[2026-06-29T01:37:54.498Z] [LOG] [Request] GET /projects/1AKc2c3-BPfY/multi-turn?_rsc=1qlum
[2026-06-29T01:37:54.502Z] [LOG] [Request] GET /api/projects/1AKc2c3-BPfY/tasks/list?status=0
[2026-06-29T01:37:54.505Z] [LOG] [Request] GET /api/projects/1AKc2c3-BPfY/files?page=1&pageSize=10
[2026-06-29T01:37:54.506Z] [ERROR]  ⨯ Error: Cannot find module 'detect-libc'
Require stack:
- D:\ED位置\Easy Dataset\resources\app.asar\node_modules\sharp\lib\sharp.js
- D:\ED位置\Easy Dataset\resources\app.asar\node_modules\sharp\lib\constructor.js
- D:\ED位置\Easy Dataset\resources\app.asar\node_modules\sharp\lib\index.js
- D:\ED位置\Easy Dataset\resources\app.asar\.next\server\app\api\projects\[projectId]\files\route.js
- D:\ED位置\Easy Dataset\resources\app.asar\node_modules\next\dist\server\require.js
- D:\ED位置\Easy Dataset\resources\app.asar\node_modules\next\dist\server\next-server.js
- D:\ED位置\Easy Dataset\resources\app.asar\node_modules\next\dist\server\next.js
- D:\ED位置\Easy Dataset\resources\app.asar\electron\modules\server.js
- D:\ED位置\Easy Dataset\resources\app.asar\electron\main.js
- 
Error: Cannot find module 'detect-libc'
Require stack:
- D:\ED位置\Easy Dataset\resources\app.asar\node_modules\sharp\lib\sharp.js
- D:\ED位置\Easy Dataset\resources\app.asar\node_modules\sharp\lib\constructor.js
- D:\ED位置\Easy Dataset\resources\app.asar\node_modules\sharp\lib\index.js
- D:\ED位置\Easy Dataset\resources\app.asar\.next\server\app\api\projects\[projectId]\files\route.js
- D:\ED位置\Easy Dataset\resources\app.asar\node_modules\next\dist\server\require.js
- D:\ED位置\Easy Dataset\resources\app.asar\node_modules\next\dist\server\next-server.js
- D:\ED位置\Easy Dataset\resources\app.asar\node_modules\next\dist\server\next.js
- D:\ED位置\Easy Dataset\resources\app.asar\electron\modules\server.js
- D:\ED位置\Easy Dataset\resources\app.asar\electron\main.js
- 
    at Module._resolveFilename (node:internal/modules/cjs/loader:1408:15)
    at s._resolveFilename (node:electron/js2c/browser_init:2:129227)
    at D:\ED位置\Easy Dataset\resources\app.asar\node_modules\next\dist\server\require-hook.js:55:36
    at defaultResolveImpl (node:internal/modules/cjs/loader:1064:19)
    at resolveForCJSWithHooks (node:internal/modules/cjs/loader:1069:22)
    at Module._load (node:internal/modules/cjs/loader:1218:37)
    at c._load (node:electron/js2c/node_init:2:17950)
    at TracingChannel.traceSync (node:diagnostics_channel:322:14)
    at wrapModuleLoad (node:internal/modules/cjs/loader:242:24)
    at Module.require (node:internal/modules/cjs/loader:1494:12)
[2026-06-29T01:37:54.509Z] [ERROR]  ⨯ Error: Cannot find module 'client-only'
Require stack:
- D:\ED位置\Easy Dataset\resources\app.asar\node_modules\styled-jsx\dist\index\index.js
- D:\ED位置\Easy Dataset\resources\app.asar\node_modules\styled-jsx\index.js
- D:\ED位置\Easy Dataset\resources\app.asar\node_modules\next\dist\compiled\next-server\pages.runtime.prod.js
- D:\ED位置\Easy Dataset\resources\app.asar\.next\server\pages\_document.js
- D:\ED位置\Easy Dataset\resources\app.asar\node_modules\next\dist\server\require.js
- D:\ED位置\Easy Dataset\resources\app.asar\node_modules\next\dist\server\next-server.js
- D:\ED位置\Easy Dataset\resources\app.asar\node_modules\next\dist\server\next.js
- D:\ED位置\Easy Dataset\resources\app.asar\electron\modules\server.js
- D:\ED位置\Easy Dataset\resources\app.asar\electron\main.js
- 
Error: Cannot find module 'client-only'
Require stack:
- D:\ED位置\Easy Dataset\resources\app.asar\node_modules\styled-jsx\dist\index\index.js
- D:\ED位置\Easy Dataset\resources\app.asar\node_modules\styled-jsx\index.js
- D:\ED位置\Easy Dataset\resources\app.asar\node_modules\next\dist\compiled\next-server\pages.runtime.prod.js
- D:\ED位置\Easy Dataset\resources\app.asar\.next\server\pages\_document.js
- D:\ED位置\Easy Dataset\resources\app.asar\node_modules\next\dist\server\require.js
- D:\ED位置\Easy Dataset\resources\app.asar\node_modules\next\dist\server\next-server.js
- D:\ED位置\Easy Dataset\resources\app.asar\node_modules\next\dist\server\next.js
- D:\ED位置\Easy Dataset\resources\app.asar\electron\modules\server.js
- D:\ED位置\Easy Dataset\resources\app.asar\electron\main.js
- 
    at Module._resolveFilename (node:internal/modules/cjs/loader:1408:15)
    at s._resolveFilename (node:electron/js2c/browser_init:2:129227)
    at D:\ED位置\Easy Dataset\resources\app.asar\node_modules\next\dist\server\require-hook.js:55:36
    at defaultResolveImpl (node:internal/modules/cjs/loader:1064:19)
    at resolveForCJSWithHooks (node:internal/modules/cjs/loader:1069:22)
    at Module._load (node:internal/modules/cjs/loader:1218:37)
    at c._load (node:electron/js2c/node_init:2:17950)
    at TracingChannel.traceSync (node:diagnostics_channel:322:14)
    at wrapModuleLoad (node:internal/modules/cjs/loader:242:24)
    at Module.require (node:internal/modules/cjs/loader:1494:12)
[2026-06-29T01:37:54.510Z] [LOG] [Request] GET /api/projects/1AKc2c3-BPfY/tasks
[2026-06-29T01:37:54.510Z] [ERROR]  ⨯ Error: Cannot find module 'unpdf'
Require stack:
- D:\ED位置\Easy Dataset\resources\app.asar\node_modules\@opendocsg\pdf2md\lib\util\pdf.js
- D:\ED位置\Easy Dataset\resources\app.asar\node_modules\@opendocsg\pdf2md\lib\pdf2md.js
- D:\ED位置\Easy Dataset\resources\app.asar\.next\server\app\api\projects\[projectId]\tasks\route.js
- D:\ED位置\Easy Dataset\resources\app.asar\node_modules\next\dist\server\require.js
- D:\ED位置\Easy Dataset\resources\app.asar\node_modules\next\dist\server\next-server.js
- D:\ED位置\Easy Dataset\resources\app.asar\node_modules\next\dist\server\next.js
- D:\ED位置\Easy Dataset\resources\app.asar\electron\modules\server.js
- D:\ED位置\Easy Dataset\resources\app.asar\electron\main.js
- 
Error: Cannot find module 'unpdf'
Require stack:
- D:\ED位置\Easy Dataset\resources\app.asar\node_modules\@opendocsg\pdf2md\lib\util\pdf.js
- D:\ED位置\Easy Dataset\resources\app.asar\node_modules\@opendocsg\pdf2md\lib\pdf2md.js
- D:\ED位置\Easy Dataset\resources\app.asar\.next\server\app\api\projects\[projectId]\tasks\route.js
- D:\ED位置\Easy Dataset\resources\app.asar\node_modules\next\dist\server\require.js
- D:\ED位置\Easy Dataset\resources\app.asar\node_modules\next\dist\server\next-server.js
- D:\ED位置\Easy Dataset\resources\app.asar\node_modules\next\dist\server\next.js
- D:\ED位置\Easy Dataset\resources\app.asar\electron\modules\server.js
- D:\ED位置\Easy Dataset\resources\app.asar\electron\main.js
- 
    at Module._resolveFilename (node:internal/modules/cjs/loader:1408:15)
    at s._resolveFilename (node:electron/js2c/browser_init:2:129227)
    at D:\ED位置\Easy Dataset\resources\app.asar\node_modules\next\dist\server\require-hook.js:55:36
    at defaultResolveImpl (node:internal/modules/cjs/loader:1064:19)
    at resolveForCJSWithHooks (node:internal/modules/cjs/loader:1069:22)
    at Module._load (node:internal/modules/cjs/loader:1218:37)
    at c._load (node:electron/js2c/node_init:2:17950)
    at TracingChannel.traceSync (node:diagnostics_channel:322:14)
    at wrapModuleLoad (node:internal/modules/cjs/loader:242:24)
    at Module.require (node:internal/modules/cjs/loader:1494:12)
[2026-06-29T01:37:54.514Z] [ERROR]  ⨯ Error: Cannot find module 'client-only'
Require stack:
- D:\ED位置\Easy Dataset\resources\app.asar\node_modules\styled-jsx\dist\index\index.js
- D:\ED位置\Easy Dataset\resources\app.asar\node_modules\styled-jsx\index.js
- D:\ED位置\Easy Dataset\resources\app.asar\node_modules\next\dist\compiled\next-server\pages.runtime.prod.js
- D:\ED位置\Easy Dataset\resources\app.asar\.next\server\pages\_document.js
- D:\ED位置\Easy Dataset\resources\app.asar\node_modules\next\dist\server\require.js
- D:\ED位置\Easy Dataset\resources\app.asar\node_modules\next\dist\server\next-server.js
- D:\ED位置\Easy Dataset\resources\app.asar\node_modules\next\dist\server\next.js
- D:\ED位置\Easy Dataset\resources\app.asar\electron\modules\server.js
- D:\ED位置\Easy Dataset\resources\app.asar\electron\main.js
- 
Error: Cannot find module 'client-only'
Require stack:
- D:\ED位置\Easy Dataset\resources\app.asar\node_modules\styled-jsx\dist\index\index.js
- D:\ED位置\Easy Dataset\resources\app.asar\node_modules\styled-jsx\index.js
- D:\ED位置\Easy Dataset\resources\app.asar\node_modules\next\dist\compiled\next-server\pages.runtime.prod.js
- D:\ED位置\Easy Dataset\resources\app.asar\.next\server\pages\_document.js
- D:\ED位置\Easy Dataset\resources\app.asar\node_modules\next\dist\server\require.js
- D:\ED位置\Easy Dataset\resources\app.asar\node_modules\next\dist\server\next-server.js
- D:\ED位置\Easy Dataset\resources\app.asar\node_modules\next\dist\server\next.js
- D:\ED位置\Easy Dataset\resources\app.asar\electron\modules\server.js
- D:\ED位置\Easy Dataset\resources\app.asar\electron\main.js
- 
    at Module._resolveFilename (node:internal/modules/cjs/loader:1408:15)
    at s._resolveFilename (node:electron/js2c/browser_init:2:129227)
    at D:\ED位置\Easy Dataset\resources\app.asar\node_modules\next\dist\server\require-hook.js:55:36
    at defaultResolveImpl (node:internal/modules/cjs/loader:1064:19)
    at resolveForCJSWithHooks (node:internal/modules/cjs/loader:1069:22)
    at Module._load (node:internal/modules/cjs/loader:1218:37)
    at c._load (node:electron/js2c/node_init:2:17950)
    at TracingChannel.traceSync (node:diagnostics_channel:322:14)
    at wrapModuleLoad (node:internal/modules/cjs/loader:242:24)
    at Module.require (node:internal/modules/cjs/loader:1494:12)
[2026-06-29T01:37:54.517Z] [LOG] [Request] GET /api/projects/1AKc2c3-BPfY/files?page=1&size=10
[2026-06-29T01:37:54.518Z] [ERROR]  ⨯ Error: Cannot find module 'detect-libc'
Require stack:
- D:\ED位置\Easy Dataset\resources\app.asar\node_modules\sharp\lib\sharp.js
- D:\ED位置\Easy Dataset\resources\app.asar\node_modules\sharp\lib\constructor.js
- D:\ED位置\Easy Dataset\resources\app.asar\node_modules\sharp\lib\index.js
- D:\ED位置\Easy Dataset\resources\app.asar\.next\server\app\api\projects\[projectId]\files\route.js
- D:\ED位置\Easy Dataset\resources\app.asar\node_modules\next\dist\server\require.js
- D:\ED位置\Easy Dataset\resources\app.asar\node_modules\next\dist\server\next-server.js
- D:\ED位置\Easy Dataset\resources\app.asar\node_modules\next\dist\server\next.js
- D:\ED位置\Easy Dataset\resources\app.asar\electron\modules\server.js
- D:\ED位置\Easy Dataset\resources\app.asar\electron\main.js
- 
Error: Cannot find module 'detect-libc'
Require stack:
- D:\ED位置\Easy Dataset\resources\app.asar\node_modules\sharp\lib\sharp.js
- D:\ED位置\Easy Dataset\resources\app.asar\node_modules\sharp\lib\constructor.js
- D:\ED位置\Easy Dataset\resources\app.asar\node_modules\sharp\lib\index.js
- D:\ED位置\Easy Dataset\resources\app.asar\.next\server\app\api\projects\[projectId]\files\route.js
- D:\ED位置\Easy Dataset\resources\app.asar\node_modules\next\dist\server\require.js
- D:\ED位置\Easy Dataset\resources\app.asar\node_modules\next\dist\server\next-server.js
- D:\ED位置\Easy Dataset\resources\app.asar\node_modules\next\dist\server\next.js
- D:\ED位置\Easy Dataset\resources\app.asar\electron\modules\server.js
- D:\ED位置\Easy Dataset\resources\app.asar\electron\main.js
- 
    at Module._resolveFilename (node:internal/modules/cjs/loader:1408:15)
    at s._resolveFilename (node:electron/js2c/browser_init:2:129227)
    at D:\ED位置\Easy Dataset\resources\app.asar\node_modules\next\dist\server\require-hook.js:55:36
    at defaultResolveImpl (node:internal/modules/cjs/loader:1064:19)
    at resolveForCJSWithHooks (node:internal/modules/cjs/loader:1069:22)
    at Module._load (node:internal/modules/cjs/loader:1218:37)
    at c._load (node:electron/js2c/node_init:2:17950)
    at TracingChannel.traceSync (node:diagnostics_channel:322:14)
    at wrapModuleLoad (node:internal/modules/cjs/loader:242:24)
    at Module.require (node:internal/modules/cjs/loader:1494:12)
[2026-06-29T01:37:54.521Z] [ERROR]  ⨯ Error: Cannot find module 'client-only'
Require stack:
- D:\ED位置\Easy Dataset\resources\app.asar\node_modules\styled-jsx\dist\index\index.js
- D:\ED位置\Easy Dataset\resources\app.asar\node_modules\styled-jsx\index.js
- D:\ED位置\Easy Dataset\resources\app.asar\node_modules\next\dist\compiled\next-server\pages.runtime.prod.js
- D:\ED位置\Easy Dataset\resources\app.asar\.next\server\pages\_document.js
- D:\ED位置\Easy Dataset\resources\app.asar\node_modules\next\dist\server\require.js
- D:\ED位置\Easy Dataset\resources\app.asar\node_modules\next\dist\server\next-server.js
- D:\ED位置\Easy Dataset\resources\app.asar\node_modules\next\dist\server\next.js
- D:\ED位置\Easy Dataset\resources\app.asar\electron\modules\server.js
- D:\ED位置\Easy Dataset\resources\app.asar\electron\main.js
- 
Error: Cannot find module 'client-only'
Require stack:
- D:\ED位置\Easy Dataset\resources\app.asar\node_modules\styled-jsx\dist\index\index.js
- D:\ED位置\Easy Dataset\resources\app.asar\node_modules\styled-jsx\index.js
- D:\ED位置\Easy Dataset\resources\app.asar\node_modules\next\dist\compiled\next-server\pages.runtime.prod.js
- D:\ED位置\Easy Dataset\resources\app.asar\.next\server\pages\_document.js
- D:\ED位置\Easy Dataset\resources\app.asar\node_modules\next\dist\server\require.js
- D:\ED位置\Easy Dataset\resources\app.asar\node_modules\next\dist\server\next-server.js
- D:\ED位置\Easy Dataset\resources\app.asar\node_modules\next\dist\server\next.js
- D:\ED位置\Easy Dataset\resources\app.asar\electron\modules\server.js
- D:\ED位置\Easy Dataset\resources\app.asar\electron\main.js
- 
    at Module._resolveFilename (node:internal/modules/cjs/loader:1408:15)
    at s._resolveFilename (node:electron/js2c/browser_init:2:129227)
    at D:\ED位置\Easy Dataset\resources\app.asar\node_modules\next\dist\server\require-hook.js:55:36
    at defaultResolveImpl (node:internal/modules/cjs/loader:1064:19)
    at resolveForCJSWithHooks (node:internal/modules/cjs/loader:1069:22)
    at Module._load (node:internal/modules/cjs/loader:1218:37)
    at c._load (node:electron/js2c/node_init:2:17950)
    at TracingChannel.traceSync (node:diagnostics_channel:322:14)
    at wrapModuleLoad (node:internal/modules/cjs/loader:242:24)
    at Module.require (node:internal/modules/cjs/loader:1494:12)
[2026-06-29T01:37:54.522Z] [LOG] [Request] GET /api/projects/1AKc2c3-BPfY/split?filter=all
[2026-06-29T01:37:54.523Z] [ERROR]  ⨯ Error: Cannot find module 'detect-libc'
Require stack:
- D:\ED位置\Easy Dataset\resources\app.asar\node_modules\sharp\lib\sharp.js
- D:\ED位置\Easy Dataset\resources\app.asar\node_modules\sharp\lib\constructor.js
- D:\ED位置\Easy Dataset\resources\app.asar\node_modules\sharp\lib\index.js
- D:\ED位置\Easy Dataset\resources\app.asar\.next\server\app\api\projects\[projectId]\files\route.js
- D:\ED位置\Easy Dataset\resources\app.asar\node_modules\next\dist\server\require.js
- D:\ED位置\Easy Dataset\resources\app.asar\node_modules\next\dist\server\next-server.js
- D:\ED位置\Easy Dataset\resources\app.asar\node_modules\next\dist\server\next.js
- D:\ED位置\Easy Dataset\resources\app.asar\electron\modules\server.js
- D:\ED位置\Easy Dataset\resources\app.asar\electron\main.js
- 
Error: Cannot find module 'detect-libc'
Require stack:
- D:\ED位置\Easy Dataset\resources\app.asar\node_modules\sharp\lib\sharp.js
- D:\ED位置\Easy Dataset\resources\app.asar\node_modules\sharp\lib\constructor.js
- D:\ED位置\Easy Dataset\resources\app.asar\node_modules\sharp\lib\index.js
- D:\ED位置\Easy Dataset\resources\app.asar\.next\server\app\api\projects\[projectId]\files\route.js
- D:\ED位置\Easy Dataset\resources\app.asar\node_modules\next\dist\server\require.js
- D:\ED位置\Easy Dataset\resources\app.asar\node_modules\next\dist\server\next-server.js
- D:\ED位置\Easy Dataset\resources\app.asar\node_modules\next\dist\server\next.js
- D:\ED位置\Easy Dataset\resources\app.asar\electron\modules\server.js
- D:\ED位置\Easy Dataset\resources\app.asar\electron\main.js
- 
    at Module._resolveFilename (node:internal/modules/cjs/loader:1408:15)
    at s._resolveFilename (node:electron/js2c/browser_init:2:129227)
    at D:\ED位置\Easy Dataset\resources\app.asar\node_modules\next\dist\server\require-hook.js:55:36
    at defaultResolveImpl (node:internal/modules/cjs/loader:1064:19)
    at resolveForCJSWithHooks (node:internal/modules/cjs/loader:1069:22)
    at Module._load (node:internal/modules/cjs/loader:1218:37)
    at c._load (node:electron/js2c/node_init:2:17950)
    at TracingChannel.traceSync (node:diagnostics_channel:322:14)
    at wrapModuleLoad (node:internal/modules/cjs/loader:242:24)
    at Module.require (node:internal/modules/cjs/loader:1494:12)
[2026-06-29T01:37:54.526Z] [ERROR]  ⨯ Error: Cannot find module 'client-only'
Require stack:
- D:\ED位置\Easy Dataset\resources\app.asar\node_modules\styled-jsx\dist\index\index.js
- D:\ED位置\Easy Dataset\resources\app.asar\node_modules\styled-jsx\index.js
- D:\ED位置\Easy Dataset\resources\app.asar\node_modules\next\dist\compiled\next-server\pages.runtime.prod.js
- D:\ED位置\Easy Dataset\resources\app.asar\.next\server\pages\_document.js
- D:\ED位置\Easy Dataset\resources\app.asar\node_modules\next\dist\server\require.js
- D:\ED位置\Easy Dataset\resources\app.asar\node_modules\next\dist\server\next-server.js
- D:\ED位置\Easy Dataset\resources\app.asar\node_modules\next\dist\server\next.js
- D:\ED位置\Easy Dataset\resources\app.asar\electron\modules\server.js
- D:\ED位置\Easy Dataset\resources\app.asar\electron\main.js
- 
Error: Cannot find module 'client-only'
Require stack:
- D:\ED位置\Easy Dataset\resources\app.asar\node_modules\styled-jsx\dist\index\index.js
- D:\ED位置\Easy Dataset\resources\app.asar\node_modules\styled-jsx\index.js
- D:\ED位置\Easy Dataset\resources\app.asar\node_modules\next\dist\compiled\next-server\pages.runtime.prod.js
- D:\ED位置\Easy Dataset\resources\app.asar\.next\server\pages\_document.js
- D:\ED位置\Easy Dataset\resources\app.asar\node_modules\next\dist\server\require.js
- D:\ED位置\Easy Dataset\resources\app.asar\node_modules\next\dist\server\next-server.js
- D:\ED位置\Easy Dataset\resources\app.asar\node_modules\next\dist\server\next.js
- D:\ED位置\Easy Dataset\resources\app.asar\electron\modules\server.js
- D:\ED位置\Easy Dataset\resources\app.asar\electron\main.js
- 
    at Module._resolveFilename (node:internal/modules/cjs/loader:1408:15)
    at s._resolveFilename (node:electron/js2c/browser_init:2:129227)
    at D:\ED位置\Easy Dataset\resources\app.asar\node_modules\next\dist\server\require-hook.js:55:36
    at defaultResolveImpl (node:internal/modules/cjs/loader:1064:19)
    at resolveForCJSWithHooks (node:internal/modules/cjs/loader:1069:22)
    at Module._load (node:internal/modules/cjs/loader:1218:37)
    at c._load (node:electron/js2c/node_init:2:17950)
    at TracingChannel.traceSync (node:diagnostics_channel:322:14)
    at wrapModuleLoad (node:internal/modules/cjs/loader:242:24)
    at Module.require (node:internal/modules/cjs/loader:1494:12)
[2026-06-29T01:37:54.531Z] [LOG] [Request] GET /api/projects/1AKc2c3-BPfY/split?filter=all
[2026-06-29T01:37:54.532Z] [ERROR]  ⨯ Error: Cannot find module 'detect-libc'
Require stack:
- D:\ED位置\Easy Dataset\resources\app.asar\node_modules\sharp\lib\sharp.js
- D:\ED位置\Easy Dataset\resources\app.asar\node_modules\sharp\lib\constructor.js
- D:\ED位置\Easy Dataset\resources\app.asar\node_modules\sharp\lib\index.js
- D:\ED位置\Easy Dataset\resources\app.asar\.next\server\app\api\projects\[projectId]\files\route.js
- D:\ED位置\Easy Dataset\resources\app.asar\node_modules\next\dist\server\require.js
- D:\ED位置\Easy Dataset\resources\app.asar\node_modules\next\dist\server\next-server.js
- D:\ED位置\Easy Dataset\resources\app.asar\node_modules\next\dist\server\next.js
- D:\ED位置\Easy Dataset\resources\app.asar\electron\modules\server.js
- D:\ED位置\Easy Dataset\resources\app.asar\electron\main.js
- 
Error: Cannot find module 'detect-libc'
Require stack:
- D:\ED位置\Easy Dataset\resources\app.asar\node_modules\sharp\lib\sharp.js
- D:\ED位置\Easy Dataset\resources\app.asar\node_modules\sharp\lib\constructor.js
- D:\ED位置\Easy Dataset\resources\app.asar\node_modules\sharp\lib\index.js
- D:\ED位置\Easy Dataset\resources\app.asar\.next\server\app\api\projects\[projectId]\files\route.js
- D:\ED位置\Easy Dataset\resources\app.asar\node_modules\next\dist\server\require.js
- D:\ED位置\Easy Dataset\resources\app.asar\node_modules\next\dist\server\next-server.js
- D:\ED位置\Easy Dataset\resources\app.asar\node_modules\next\dist\server\next.js
- D:\ED位置\Easy Dataset\resources\app.asar\electron\modules\server.js
- D:\ED位置\Easy Dataset\resources\app.asar\electron\main.js
- 
    at Module._resolveFilename (node:internal/modules/cjs/loader:1408:15)
    at s._resolveFilename (node:electron/js2c/browser_init:2:129227)
    at D:\ED位置\Easy Dataset\resources\app.asar\node_modules\next\dist\server\require-hook.js:55:36
    at defaultResolveImpl (node:internal/modules/cjs/loader:1064:19)
    at resolveForCJSWithHooks (node:internal/modules/cjs/loader:1069:22)
    at Module._load (node:internal/modules/cjs/loader:1218:37)
    at c._load (node:electron/js2c/node_init:2:17950)
    at TracingChannel.traceSync (node:diagnostics_channel:322:14)
    at wrapModuleLoad (node:internal/modules/cjs/loader:242:24)
    at Module.require (node:internal/modules/cjs/loader:1494:12)
[2026-06-29T01:37:54.535Z] [ERROR]  ⨯ Error: Cannot find module 'client-only'
Require stack:
- D:\ED位置\Easy Dataset\resources\app.asar\node_modules\styled-jsx\dist\index\index.js
- D:\ED位置\Easy Dataset\resources\app.asar\node_modules\styled-jsx\index.js
- D:\ED位置\Easy Dataset\resources\app.asar\node_modules\next\dist\compiled\next-server\pages.runtime.prod.js
- D:\ED位置\Easy Dataset\resources\app.asar\.next\server\pages\_document.js
- D:\ED位置\Easy Dataset\resources\app.asar\node_modules\next\dist\server\require.js
- D:\ED位置\Easy Dataset\resources\app.asar\node_modules\next\dist\server\next-server.js
- D:\ED位置\Easy Dataset\resources\app.asar\node_modules\next\dist\server\next.js
- D:\ED位置\Easy Dataset\resources\app.asar\electron\modules\server.js
- D:\ED位置\Easy Dataset\resources\app.asar\electron\main.js
- 
Error: Cannot find module 'client-only'
Require stack:
- D:\ED位置\Easy Dataset\resources\app.asar\node_modules\styled-jsx\dist\index\index.js
- D:\ED位置\Easy Dataset\resources\app.asar\node_modules\styled-jsx\index.js
- D:\ED位置\Easy Dataset\resources\app.asar\node_modules\next\dist\compiled\next-server\pages.runtime.prod.js
- D:\ED位置\Easy Dataset\resources\app.asar\.next\server\pages\_document.js
- D:\ED位置\Easy Dataset\resources\app.asar\node_modules\next\dist\server\require.js
- D:\ED位置\Easy Dataset\resources\app.asar\node_modules\next\dist\server\next-server.js
- D:\ED位置\Easy Dataset\resources\app.asar\node_modules\next\dist\server\next.js
- D:\ED位置\Easy Dataset\resources\app.asar\electron\modules\server.js
- D:\ED位置\Easy Dataset\resources\app.asar\electron\main.js
- 
    at Module._resolveFilename (node:internal/modules/cjs/loader:1408:15)
    at s._resolveFilename (node:electron/js2c/browser_init:2:129227)
    at D:\ED位置\Easy Dataset\resources\app.asar\node_modules\next\dist\server\require-hook.js:55:36
    at defaultResolveImpl (node:internal/modules/cjs/loader:1064:19)
    at resolveForCJSWithHooks (node:internal/modules/cjs/loader:1069:22)
    at Module._load (node:internal/modules/cjs/loader:1218:37)
    at c._load (node:electron/js2c/node_init:2:17950)
    at TracingChannel.traceSync (node:diagnostics_channel:322:14)
    at wrapModuleLoad (node:internal/modules/cjs/loader:242:24)
    at Module.require (node:internal/modules/cjs/loader:1494:12)
[2026-06-29T01:37:55.565Z] [LOG] [Request] GET /projects/1AKc2c3-BPfY/datasets?_rsc=w07za
[2026-06-29T01:37:55.568Z] [LOG] [Request] GET /projects/1AKc2c3-BPfY/image-datasets?_rsc=w07za
[2026-06-29T01:37:55.569Z] [LOG] [Request] GET /projects/1AKc2c3-BPfY/eval-datasets?_rsc=w07za
[2026-06-29T01:37:55.574Z] [LOG] [Request] GET /projects/1AKc2c3-BPfY/eval-tasks?_rsc=w07za
[2026-06-29T01:37:55.575Z] [LOG] [Request] GET /projects/1AKc2c3-BPfY/blind-test-tasks?_rsc=w07za
[2026-06-29T01:37:55.965Z] [LOG] [Request] GET /projects/1AKc2c3-BPfY/questions?_rsc=18iyh
[2026-06-29T01:37:56.007Z] [LOG] [Request] GET /api/projects/1AKc2c3-BPfY/questions/templates
[2026-06-29T01:37:56.018Z] [LOG] [Request] GET /api/projects/1AKc2c3-BPfY/tasks
[2026-06-29T01:37:56.019Z] [ERROR]  ⨯ Error: Cannot find module 'unpdf'
Require stack:
- D:\ED位置\Easy Dataset\resources\app.asar\node_modules\@opendocsg\pdf2md\lib\util\pdf.js
- D:\ED位置\Easy Dataset\resources\app.asar\node_modules\@opendocsg\pdf2md\lib\pdf2md.js
- D:\ED位置\Easy Dataset\resources\app.asar\.next\server\app\api\projects\[projectId]\tasks\route.js
- D:\ED位置\Easy Dataset\resources\app.asar\node_modules\next\dist\server\require.js
- D:\ED位置\Easy Dataset\resources\app.asar\node_modules\next\dist\server\next-server.js
- D:\ED位置\Easy Dataset\resources\app.asar\node_modules\next\dist\server\next.js
- D:\ED位置\Easy Dataset\resources\app.asar\electron\modules\server.js
- D:\ED位置\Easy Dataset\resources\app.asar\electron\main.js
- 
Error: Cannot find module 'unpdf'
Require stack:
- D:\ED位置\Easy Dataset\resources\app.asar\node_modules\@opendocsg\pdf2md\lib\util\pdf.js
- D:\ED位置\Easy Dataset\resources\app.asar\node_modules\@opendocsg\pdf2md\lib\pdf2md.js
- D:\ED位置\Easy Dataset\resources\app.asar\.next\server\app\api\projects\[projectId]\tasks\route.js
- D:\ED位置\Easy Dataset\resources\app.asar\node_modules\next\dist\server\require.js
- D:\ED位置\Easy Dataset\resources\app.asar\node_modules\next\dist\server\next-server.js
- D:\ED位置\Easy Dataset\resources\app.asar\node_modules\next\dist\server\next.js
- D:\ED位置\Easy Dataset\resources\app.asar\electron\modules\server.js
- D:\ED位置\Easy Dataset\resources\app.asar\electron\main.js
- 
    at Module._resolveFilename (node:internal/modules/cjs/loader:1408:15)
    at s._resolveFilename (node:electron/js2c/browser_init:2:129227)
    at D:\ED位置\Easy Dataset\resources\app.asar\node_modules\next\dist\server\require-hook.js:55:36
    at defaultResolveImpl (node:internal/modules/cjs/loader:1064:19)
    at resolveForCJSWithHooks (node:internal/modules/cjs/loader:1069:22)
    at Module._load (node:internal/modules/cjs/loader:1218:37)
    at c._load (node:electron/js2c/node_init:2:17950)
    at TracingChannel.traceSync (node:diagnostics_channel:322:14)
    at wrapModuleLoad (node:internal/modules/cjs/loader:242:24)
    at Module.require (node:internal/modules/cjs/loader:1494:12)
[2026-06-29T01:37:56.022Z] [ERROR]  ⨯ Error: Cannot find module 'client-only'
Require stack:
- D:\ED位置\Easy Dataset\resources\app.asar\node_modules\styled-jsx\dist\index\index.js
- D:\ED位置\Easy Dataset\resources\app.asar\node_modules\styled-jsx\index.js
- D:\ED位置\Easy Dataset\resources\app.asar\node_modules\next\dist\compiled\next-server\pages.runtime.prod.js
- D:\ED位置\Easy Dataset\resources\app.asar\.next\server\pages\_document.js
- D:\ED位置\Easy Dataset\resources\app.asar\node_modules\next\dist\server\require.js
- D:\ED位置\Easy Dataset\resources\app.asar\node_modules\next\dist\server\next-server.js
- D:\ED位置\Easy Dataset\resources\app.asar\node_modules\next\dist\server\next.js
- D:\ED位置\Easy Dataset\resources\app.asar\electron\modules\server.js
- D:\ED位置\Easy Dataset\resources\app.asar\electron\main.js
- 
Error: Cannot find module 'client-only'
Require stack:
- D:\ED位置\Easy Dataset\resources\app.asar\node_modules\styled-jsx\dist\index\index.js
- D:\ED位置\Easy Dataset\resources\app.asar\node_modules\styled-jsx\index.js
- D:\ED位置\Easy Dataset\resources\app.asar\node_modules\next\dist\compiled\next-server\pages.runtime.prod.js
- D:\ED位置\Easy Dataset\resources\app.asar\.next\server\pages\_document.js
- D:\ED位置\Easy Dataset\resources\app.asar\node_modules\next\dist\server\require.js
- D:\ED位置\Easy Dataset\resources\app.asar\node_modules\next\dist\server\next-server.js
- D:\ED位置\Easy Dataset\resources\app.asar\node_modules\next\dist\server\next.js
- D:\ED位置\Easy Dataset\resources\app.asar\electron\modules\server.js
- D:\ED位置\Easy Dataset\resources\app.asar\electron\main.js
- 
    at Module._resolveFilename (node:internal/modules/cjs/loader:1408:15)
    at s._resolveFilename (node:electron/js2c/browser_init:2:129227)
    at D:\ED位置\Easy Dataset\resources\app.asar\node_modules\next\dist\server\require-hook.js:55:36
    at defaultResolveImpl (node:internal/modules/cjs/loader:1064:19)
    at resolveForCJSWithHooks (node:internal/modules/cjs/loader:1069:22)
    at Module._load (node:internal/modules/cjs/loader:1218:37)
    at c._load (node:electron/js2c/node_init:2:17950)
    at TracingChannel.traceSync (node:diagnostics_channel:322:14)
    at wrapModuleLoad (node:internal/modules/cjs/loader:242:24)
    at Module.require (node:internal/modules/cjs/loader:1494:12)
[2026-06-29T01:37:56.023Z] [LOG] [Request] GET /api/projects/1AKc2c3-BPfY/questions?page=1&size=10&status=all&input=&searchMatchMode=match&chunkName=&sourceType=all
[2026-06-29T01:37:56.059Z] [LOG] [Request] GET /api/projects/1AKc2c3-BPfY/questions?page=1&size=10&status=all&input=&searchMatchMode=match&chunkName=&sourceType=all
[2026-06-29T01:37:56.062Z] [LOG] [Request] GET /api/projects/1AKc2c3-BPfY/tags
[2026-06-29T01:37:56.164Z] [LOG] [Request] GET /api/projects/1AKc2c3-BPfY/split
[2026-06-29T01:37:56.165Z] [ERROR]  ⨯ Error: Cannot find module 'detect-libc'
Require stack:
- D:\ED位置\Easy Dataset\resources\app.asar\node_modules\sharp\lib\sharp.js
- D:\ED位置\Easy Dataset\resources\app.asar\node_modules\sharp\lib\constructor.js
- D:\ED位置\Easy Dataset\resources\app.asar\node_modules\sharp\lib\index.js
- D:\ED位置\Easy Dataset\resources\app.asar\.next\server\app\api\projects\[projectId]\files\route.js
- D:\ED位置\Easy Dataset\resources\app.asar\node_modules\next\dist\server\require.js
- D:\ED位置\Easy Dataset\resources\app.asar\node_modules\next\dist\server\next-server.js
- D:\ED位置\Easy Dataset\resources\app.asar\node_modules\next\dist\server\next.js
- D:\ED位置\Easy Dataset\resources\app.asar\electron\modules\server.js
- D:\ED位置\Easy Dataset\resources\app.asar\electron\main.js
- 
Error: Cannot find module 'detect-libc'
Require stack:
- D:\ED位置\Easy Dataset\resources\app.asar\node_modules\sharp\lib\sharp.js
- D:\ED位置\Easy Dataset\resources\app.asar\node_modules\sharp\lib\constructor.js
- D:\ED位置\Easy Dataset\resources\app.asar\node_modules\sharp\lib\index.js
- D:\ED位置\Easy Dataset\resources\app.asar\.next\server\app\api\projects\[projectId]\files\route.js
- D:\ED位置\Easy Dataset\resources\app.asar\node_modules\next\dist\server\require.js
- D:\ED位置\Easy Dataset\resources\app.asar\node_modules\next\dist\server\next-server.js
- D:\ED位置\Easy Dataset\resources\app.asar\node_modules\next\dist\server\next.js
- D:\ED位置\Easy Dataset\resources\app.asar\electron\modules\server.js
- D:\ED位置\Easy Dataset\resources\app.asar\electron\main.js
- 
    at Module._resolveFilename (node:internal/modules/cjs/loader:1408:15)
    at s._resolveFilename (node:electron/js2c/browser_init:2:129227)
    at D:\ED位置\Easy Dataset\resources\app.asar\node_modules\next\dist\server\require-hook.js:55:36
    at defaultResolveImpl (node:internal/modules/cjs/loader:1064:19)
    at resolveForCJSWithHooks (node:internal/modules/cjs/loader:1069:22)
    at Module._load (node:internal/modules/cjs/loader:1218:37)
    at c._load (node:electron/js2c/node_init:2:17950)
    at TracingChannel.traceSync (node:diagnostics_channel:322:14)
    at wrapModuleLoad (node:internal/modules/cjs/loader:242:24)
    at Module.require (node:internal/modules/cjs/loader:1494:12)
[2026-06-29T01:37:56.168Z] [ERROR]  ⨯ Error: Cannot find module 'client-only'
Require stack:
- D:\ED位置\Easy Dataset\resources\app.asar\node_modules\styled-jsx\dist\index\index.js
- D:\ED位置\Easy Dataset\resources\app.asar\node_modules\styled-jsx\index.js
- D:\ED位置\Easy Dataset\resources\app.asar\node_modules\next\dist\compiled\next-server\pages.runtime.prod.js
- D:\ED位置\Easy Dataset\resources\app.asar\.next\server\pages\_document.js
- D:\ED位置\Easy Dataset\resources\app.asar\node_modules\next\dist\server\require.js
- D:\ED位置\Easy Dataset\resources\app.asar\node_modules\next\dist\server\next-server.js
- D:\ED位置\Easy Dataset\resources\app.asar\node_modules\next\dist\server\next.js
- D:\ED位置\Easy Dataset\resources\app.asar\electron\modules\server.js
- D:\ED位置\Easy Dataset\resources\app.asar\electron\main.js
- 
Error: Cannot find module 'client-only'
Require stack:
- D:\ED位置\Easy Dataset\resources\app.asar\node_modules\styled-jsx\dist\index\index.js
- D:\ED位置\Easy Dataset\resources\app.asar\node_modules\styled-jsx\index.js
- D:\ED位置\Easy Dataset\resources\app.asar\node_modules\next\dist\compiled\next-server\pages.runtime.prod.js
- D:\ED位置\Easy Dataset\resources\app.asar\.next\server\pages\_document.js
- D:\ED位置\Easy Dataset\resources\app.asar\node_modules\next\dist\server\require.js
- D:\ED位置\Easy Dataset\resources\app.asar\node_modules\next\dist\server\next-server.js
- D:\ED位置\Easy Dataset\resources\app.asar\node_modules\next\dist\server\next.js
- D:\ED位置\Easy Dataset\resources\app.asar\electron\modules\server.js
- D:\ED位置\Easy Dataset\resources\app.asar\electron\main.js
- 
    at Module._resolveFilename (node:internal/modules/cjs/loader:1408:15)
    at s._resolveFilename (node:electron/js2c/browser_init:2:129227)
    at D:\ED位置\Easy Dataset\resources\app.asar\node_modules\next\dist\server\require-hook.js:55:36
    at defaultResolveImpl (node:internal/modules/cjs/loader:1064:19)
    at resolveForCJSWithHooks (node:internal/modules/cjs/loader:1069:22)
    at Module._load (node:internal/modules/cjs/loader:1218:37)
    at c._load (node:electron/js2c/node_init:2:17950)
    at TracingChannel.traceSync (node:diagnostics_channel:322:14)
    at wrapModuleLoad (node:internal/modules/cjs/loader:242:24)
    at Module.require (node:internal/modules/cjs/loader:1494:12)
[2026-06-29T01:37:56.170Z] [LOG] [Request] GET /api/projects/1AKc2c3-BPfY/images?page=1&pageSize=10000&simple=true
[2026-06-29T01:37:56.219Z] [LOG] [Request] GET /api/projects/1AKc2c3-BPfY/tags
[2026-06-29T01:37:58.964Z] [LOG] [Request] POST /api/projects/1AKc2c3-BPfY/tasks
[2026-06-29T01:37:58.965Z] [ERROR]  ⨯ Error: Cannot find module 'unpdf'
Require stack:
- D:\ED位置\Easy Dataset\resources\app.asar\node_modules\@opendocsg\pdf2md\lib\util\pdf.js
- D:\ED位置\Easy Dataset\resources\app.asar\node_modules\@opendocsg\pdf2md\lib\pdf2md.js
- D:\ED位置\Easy Dataset\resources\app.asar\.next\server\app\api\projects\[projectId]\tasks\route.js
- D:\ED位置\Easy Dataset\resources\app.asar\node_modules\next\dist\server\require.js
- D:\ED位置\Easy Dataset\resources\app.asar\node_modules\next\dist\server\next-server.js
- D:\ED位置\Easy Dataset\resources\app.asar\node_modules\next\dist\server\next.js
- D:\ED位置\Easy Dataset\resources\app.asar\electron\modules\server.js
- D:\ED位置\Easy Dataset\resources\app.asar\electron\main.js
- 
Error: Cannot find module 'unpdf'
Require stack:
- D:\ED位置\Easy Dataset\resources\app.asar\node_modules\@opendocsg\pdf2md\lib\util\pdf.js
- D:\ED位置\Easy Dataset\resources\app.asar\node_modules\@opendocsg\pdf2md\lib\pdf2md.js
- D:\ED位置\Easy Dataset\resources\app.asar\.next\server\app\api\projects\[projectId]\tasks\route.js
- D:\ED位置\Easy Dataset\resources\app.asar\node_modules\next\dist\server\require.js
- D:\ED位置\Easy Dataset\resources\app.asar\node_modules\next\dist\server\next-server.js
- D:\ED位置\Easy Dataset\resources\app.asar\node_modules\next\dist\server\next.js
- D:\ED位置\Easy Dataset\resources\app.asar\electron\modules\server.js
- D:\ED位置\Easy Dataset\resources\app.asar\electron\main.js
- 
    at Module._resolveFilename (node:internal/modules/cjs/loader:1408:15)
    at s._resolveFilename (node:electron/js2c/browser_init:2:129227)
    at D:\ED位置\Easy Dataset\resources\app.asar\node_modules\next\dist\server\require-hook.js:55:36
    at defaultResolveImpl (node:internal/modules/cjs/loader:1064:19)
    at resolveForCJSWithHooks (node:internal/modules/cjs/loader:1069:22)
    at Module._load (node:internal/modules/cjs/loader:1218:37)
    at c._load (node:electron/js2c/node_init:2:17950)
    at TracingChannel.traceSync (node:diagnostics_channel:322:14)
    at wrapModuleLoad (node:internal/modules/cjs/loader:242:24)
    at Module.require (node:internal/modules/cjs/loader:1494:12)
[2026-06-29T01:37:58.969Z] [ERROR]  ⨯ Error: Cannot find module 'client-only'
Require stack:
- D:\ED位置\Easy Dataset\resources\app.asar\node_modules\styled-jsx\dist\index\index.js
- D:\ED位置\Easy Dataset\resources\app.asar\node_modules\styled-jsx\index.js
- D:\ED位置\Easy Dataset\resources\app.asar\node_modules\next\dist\compiled\next-server\pages.runtime.prod.js
- D:\ED位置\Easy Dataset\resources\app.asar\.next\server\pages\_document.js
- D:\ED位置\Easy Dataset\resources\app.asar\node_modules\next\dist\server\require.js
- D:\ED位置\Easy Dataset\resources\app.asar\node_modules\next\dist\server\next-server.js
- D:\ED位置\Easy Dataset\resources\app.asar\node_modules\next\dist\server\next.js
- D:\ED位置\Easy Dataset\resources\app.asar\electron\modules\server.js
- D:\ED位置\Easy Dataset\resources\app.asar\electron\main.js
- 
Error: Cannot find module 'client-only'
Require stack:
- D:\ED位置\Easy Dataset\resources\app.asar\node_modules\styled-jsx\dist\index\index.js
- D:\ED位置\Easy Dataset\resources\app.asar\node_modules\styled-jsx\index.js
- D:\ED位置\Easy Dataset\resources\app.asar\node_modules\next\dist\compiled\next-server\pages.runtime.prod.js
- D:\ED位置\Easy Dataset\resources\app.asar\.next\server\pages\_document.js
- D:\ED位置\Easy Dataset\resources\app.asar\node_modules\next\dist\server\require.js
- D:\ED位置\Easy Dataset\resources\app.asar\node_modules\next\dist\server\next-server.js
- D:\ED位置\Easy Dataset\resources\app.asar\node_modules\next\dist\server\next.js
- D:\ED位置\Easy Dataset\resources\app.asar\electron\modules\server.js
- D:\ED位置\Easy Dataset\resources\app.asar\electron\main.js
- 
    at Module._resolveFilename (node:internal/modules/cjs/loader:1408:15)
    at s._resolveFilename (node:electron/js2c/browser_init:2:129227)
    at D:\ED位置\Easy Dataset\resources\app.asar\node_modules\next\dist\server\require-hook.js:55:36
    at defaultResolveImpl (node:internal/modules/cjs/loader:1064:19)
    at resolveForCJSWithHooks (node:internal/modules/cjs/loader:1069:22)
    at Module._load (node:internal/modules/cjs/loader:1218:37)
    at c._load (node:electron/js2c/node_init:2:17950)
    at TracingChannel.traceSync (node:diagnostics_channel:322:14)
    at wrapModuleLoad (node:internal/modules/cjs/loader:242:24)
    at Module.require (node:internal/modules/cjs/loader:1494:12)
[2026-06-29T01:38:04.502Z] [LOG] [Request] GET /api/projects/1AKc2c3-BPfY/tasks/list?status=0
[2026-06-29T01:38:14.507Z] [LOG] [Request] GET /api/projects/1AKc2c3-BPfY/tasks/list?status=0
[2026-06-29T01:38:25.026Z] [LOG] [Request] GET /api/projects/1AKc2c3-BPfY/tasks/list?status=0
[2026-06-29T01:38:35.027Z] [LOG] [Request] GET /api/projects/1AKc2c3-BPfY/tasks/list?status=0
[2026-06-29T01:38:45.031Z] [LOG] [Request] GET /api/projects/1AKc2c3-BPfY/tasks/list?status=0
[2026-06-29T01:38:55.034Z] [LOG] [Request] GET /api/projects/1AKc2c3-BPfY/tasks/list?status=0
[2026-06-29T01:39:05.023Z] [LOG] [Request] GET /api/projects/1AKc2c3-BPfY/tasks/list?status=0
[2026-06-29T01:39:15.034Z] [LOG] [Request] GET /api/projects/1AKc2c3-BPfY/tasks/list?status=0
[2026-06-29T01:39:41.027Z] [LOG] [Request] GET /api/projects/1AKc2c3-BPfY/tasks/list?status=0
[2026-06-29T01:40:41.026Z] [LOG] [Request] GET /api/projects/1AKc2c3-BPfY/tasks/list?status=0
[2026-06-29T01:41:41.026Z] [LOG] [Request] GET /api/projects/1AKc2c3-BPfY/tasks/list?status=0
[2026-06-29T01:42:41.025Z] [LOG] [Request] GET /api/projects/1AKc2c3-BPfY/tasks/list?status=0
[2026-06-29T01:43:41.024Z] [LOG] [Request] GET /api/projects/1AKc2c3-BPfY/tasks/list?status=0
[2026-06-29T01:44:41.024Z] [LOG] [Request] GET /api/projects/1AKc2c3-BPfY/tasks/list?status=0
[2026-06-29T01:45:41.029Z] [LOG] [Request] GET /api/projects/1AKc2c3-BPfY/tasks/list?status=0
[2026-06-29T01:46:41.023Z] [LOG] [Request] GET /api/projects/1AKc2c3-BPfY/tasks/list?status=0
[2026-06-29T01:47:41.029Z] [LOG] [Request] GET /api/projects/1AKc2c3-BPfY/tasks/list?status=0
[2026-06-29T01:48:41.033Z] [LOG] [Request] GET /api/projects/1AKc2c3-BPfY/tasks/list?status=0
[2026-06-29T01:49:41.031Z] [LOG] [Request] GET /api/projects/1AKc2c3-BPfY/tasks/list?status=0
[2026-06-29T01:50:41.023Z] [LOG] [Request] GET /api/projects/1AKc2c3-BPfY/tasks/list?status=0
[2026-06-29T01:51:41.029Z] [LOG] [Request] GET /api/projects/1AKc2c3-BPfY/tasks/list?status=0
[2026-06-29T01:52:41.024Z] [LOG] [Request] GET /api/projects/1AKc2c3-BPfY/tasks/list?status=0
[2026-06-29T01:53:41.023Z] [LOG] [Request] GET /api/projects/1AKc2c3-BPfY/tasks/list?status=0
[2026-06-29T01:54:41.022Z] [LOG] [Request] GET /api/projects/1AKc2c3-BPfY/tasks/list?status=0
[2026-06-29T01:55:41.028Z] [LOG] [Request] GET /api/projects/1AKc2c3-BPfY/tasks/list?status=0
[2026-06-29T01:56:41.032Z] [LOG] [Request] GET /api/projects/1AKc2c3-BPfY/tasks/list?status=0
[2026-06-29T01:57:41.030Z] [LOG] [Request] GET /api/projects/1AKc2c3-BPfY/tasks/list?status=0
[2026-06-29T01:58:32.668Z] [LOG] [Request] GET /api/projects/1AKc2c3-BPfY/tasks/list?status=0
[2026-06-29T01:58:34.512Z] [LOG] [Request] GET /api/projects/1AKc2c3-BPfY/tasks/list?status=0
[2026-06-29T01:58:37.635Z] [LOG] [Request] POST /api/projects/1AKc2c3-BPfY/tasks
[2026-06-29T01:58:37.636Z] [ERROR]  ⨯ Error: Cannot find module 'unpdf'
Require stack:
- D:\ED位置\Easy Dataset\resources\app.asar\node_modules\@opendocsg\pdf2md\lib\util\pdf.js
- D:\ED位置\Easy Dataset\resources\app.asar\node_modules\@opendocsg\pdf2md\lib\pdf2md.js
- D:\ED位置\Easy Dataset\resources\app.asar\.next\server\app\api\projects\[projectId]\tasks\route.js
- D:\ED位置\Easy Dataset\resources\app.asar\node_modules\next\dist\server\require.js
- D:\ED位置\Easy Dataset\resources\app.asar\node_modules\next\dist\server\next-server.js
- D:\ED位置\Easy Dataset\resources\app.asar\node_modules\next\dist\server\next.js
- D:\ED位置\Easy Dataset\resources\app.asar\electron\modules\server.js
- D:\ED位置\Easy Dataset\resources\app.asar\electron\main.js
- 
Error: Cannot find module 'unpdf'
Require stack:
- D:\ED位置\Easy Dataset\resources\app.asar\node_modules\@opendocsg\pdf2md\lib\util\pdf.js
- D:\ED位置\Easy Dataset\resources\app.asar\node_modules\@opendocsg\pdf2md\lib\pdf2md.js
- D:\ED位置\Easy Dataset\resources\app.asar\.next\server\app\api\projects\[projectId]\tasks\route.js
- D:\ED位置\Easy Dataset\resources\app.asar\node_modules\next\dist\server\require.js
- D:\ED位置\Easy Dataset\resources\app.asar\node_modules\next\dist\server\next-server.js
- D:\ED位置\Easy Dataset\resources\app.asar\node_modules\next\dist\server\next.js
- D:\ED位置\Easy Dataset\resources\app.asar\electron\modules\server.js
- D:\ED位置\Easy Dataset\resources\app.asar\electron\main.js
- 
    at Module._resolveFilename (node:internal/modules/cjs/loader:1408:15)
    at s._resolveFilename (node:electron/js2c/browser_init:2:129227)
    at D:\ED位置\Easy Dataset\resources\app.asar\node_modules\next\dist\server\require-hook.js:55:36
    at defaultResolveImpl (node:internal/modules/cjs/loader:1064:19)
    at resolveForCJSWithHooks (node:internal/modules/cjs/loader:1069:22)
    at Module._load (node:internal/modules/cjs/loader:1218:37)
    at c._load (node:electron/js2c/node_init:2:17950)
    at TracingChannel.traceSync (node:diagnostics_channel:322:14)
    at wrapModuleLoad (node:internal/modules/cjs/loader:242:24)
    at Module.require (node:internal/modules/cjs/loader:1494:12)
[2026-06-29T01:58:37.641Z] [ERROR]  ⨯ Error: Cannot find module 'client-only'
Require stack:
- D:\ED位置\Easy Dataset\resources\app.asar\node_modules\styled-jsx\dist\index\index.js
- D:\ED位置\Easy Dataset\resources\app.asar\node_modules\styled-jsx\index.js
- D:\ED位置\Easy Dataset\resources\app.asar\node_modules\next\dist\compiled\next-server\pages.runtime.prod.js
- D:\ED位置\Easy Dataset\resources\app.asar\.next\server\pages\_document.js
- D:\ED位置\Easy Dataset\resources\app.asar\node_modules\next\dist\server\require.js
- D:\ED位置\Easy Dataset\resources\app.asar\node_modules\next\dist\server\next-server.js
- D:\ED位置\Easy Dataset\resources\app.asar\node_modules\next\dist\server\next.js
- D:\ED位置\Easy Dataset\resources\app.asar\electron\modules\server.js
- D:\ED位置\Easy Dataset\resources\app.asar\electron\main.js
- 
Error: Cannot find module 'client-only'
Require stack:
- D:\ED位置\Easy Dataset\resources\app.asar\node_modules\styled-jsx\dist\index\index.js
- D:\ED位置\Easy Dataset\resources\app.asar\node_modules\styled-jsx\index.js
- D:\ED位置\Easy Dataset\resources\app.asar\node_modules\next\dist\compiled\next-server\pages.runtime.prod.js
- D:\ED位置\Easy Dataset\resources\app.asar\.next\server\pages\_document.js
- D:\ED位置\Easy Dataset\resources\app.asar\node_modules\next\dist\server\require.js
- D:\ED位置\Easy Dataset\resources\app.asar\node_modules\next\dist\server\next-server.js
- D:\ED位置\Easy Dataset\resources\app.asar\node_modules\next\dist\server\next.js
- D:\ED位置\Easy Dataset\resources\app.asar\electron\modules\server.js
- D:\ED位置\Easy Dataset\resources\app.asar\electron\main.js
- 
    at Module._resolveFilename (node:internal/modules/cjs/loader:1408:15)
    at s._resolveFilename (node:electron/js2c/browser_init:2:129227)
    at D:\ED位置\Easy Dataset\resources\app.asar\node_modules\next\dist\server\require-hook.js:55:36
    at defaultResolveImpl (node:internal/modules/cjs/loader:1064:19)
    at resolveForCJSWithHooks (node:internal/modules/cjs/loader:1069:22)
    at Module._load (node:internal/modules/cjs/loader:1218:37)
    at c._load (node:electron/js2c/node_init:2:17950)
    at TracingChannel.traceSync (node:diagnostics_channel:322:14)
    at wrapModuleLoad (node:internal/modules/cjs/loader:242:24)
    at Module.require (node:internal/modules/cjs/loader:1494:12)
[2026-06-29T01:58:40.624Z] [LOG] [Request] POST /api/projects/1AKc2c3-BPfY/tasks
[2026-06-29T01:58:40.625Z] [ERROR]  ⨯ Error: Cannot find module 'unpdf'
Require stack:
- D:\ED位置\Easy Dataset\resources\app.asar\node_modules\@opendocsg\pdf2md\lib\util\pdf.js
- D:\ED位置\Easy Dataset\resources\app.asar\node_modules\@opendocsg\pdf2md\lib\pdf2md.js
- D:\ED位置\Easy Dataset\resources\app.asar\.next\server\app\api\projects\[projectId]\tasks\route.js
- D:\ED位置\Easy Dataset\resources\app.asar\node_modules\next\dist\server\require.js
- D:\ED位置\Easy Dataset\resources\app.asar\node_modules\next\dist\server\next-server.js
- D:\ED位置\Easy Dataset\resources\app.asar\node_modules\next\dist\server\next.js
- D:\ED位置\Easy Dataset\resources\app.asar\electron\modules\server.js
- D:\ED位置\Easy Dataset\resources\app.asar\electron\main.js
- 
Error: Cannot find module 'unpdf'
Require stack:
- D:\ED位置\Easy Dataset\resources\app.asar\node_modules\@opendocsg\pdf2md\lib\util\pdf.js
- D:\ED位置\Easy Dataset\resources\app.asar\node_modules\@opendocsg\pdf2md\lib\pdf2md.js
- D:\ED位置\Easy Dataset\resources\app.asar\.next\server\app\api\projects\[projectId]\tasks\route.js
- D:\ED位置\Easy Dataset\resources\app.asar\node_modules\next\dist\server\require.js
- D:\ED位置\Easy Dataset\resources\app.asar\node_modules\next\dist\server\next-server.js
- D:\ED位置\Easy Dataset\resources\app.asar\node_modules\next\dist\server\next.js
- D:\ED位置\Easy Dataset\resources\app.asar\electron\modules\server.js
- D:\ED位置\Easy Dataset\resources\app.asar\electron\main.js
- 
    at Module._resolveFilename (node:internal/modules/cjs/loader:1408:15)
    at s._resolveFilename (node:electron/js2c/browser_init:2:129227)
    at D:\ED位置\Easy Dataset\resources\app.asar\node_modules\next\dist\server\require-hook.js:55:36
    at defaultResolveImpl (node:internal/modules/cjs/loader:1064:19)
    at resolveForCJSWithHooks (node:internal/modules/cjs/loader:1069:22)
    at Module._load (node:internal/modules/cjs/loader:1218:37)
    at c._load (node:electron/js2c/node_init:2:17950)
    at TracingChannel.traceSync (node:diagnostics_channel:322:14)
    at wrapModuleLoad (node:internal/modules/cjs/loader:242:24)
    at Module.require (node:internal/modules/cjs/loader:1494:12)
[2026-06-29T01:58:40.627Z] [ERROR]  ⨯ Error: Cannot find module 'client-only'
Require stack:
- D:\ED位置\Easy Dataset\resources\app.asar\node_modules\styled-jsx\dist\index\index.js
- D:\ED位置\Easy Dataset\resources\app.asar\node_modules\styled-jsx\index.js
- D:\ED位置\Easy Dataset\resources\app.asar\node_modules\next\dist\compiled\next-server\pages.runtime.prod.js
- D:\ED位置\Easy Dataset\resources\app.asar\.next\server\pages\_document.js
- D:\ED位置\Easy Dataset\resources\app.asar\node_modules\next\dist\server\require.js
- D:\ED位置\Easy Dataset\resources\app.asar\node_modules\next\dist\server\next-server.js
- D:\ED位置\Easy Dataset\resources\app.asar\node_modules\next\dist\server\next.js
- D:\ED位置\Easy Dataset\resources\app.asar\electron\modules\server.js
- D:\ED位置\Easy Dataset\resources\app.asar\electron\main.js
- 
Error: Cannot find module 'client-only'
Require stack:
- D:\ED位置\Easy Dataset\resources\app.asar\node_modules\styled-jsx\dist\index\index.js
- D:\ED位置\Easy Dataset\resources\app.asar\node_modules\styled-jsx\index.js
- D:\ED位置\Easy Dataset\resources\app.asar\node_modules\next\dist\compiled\next-server\pages.runtime.prod.js
- D:\ED位置\Easy Dataset\resources\app.asar\.next\server\pages\_document.js
- D:\ED位置\Easy Dataset\resources\app.asar\node_modules\next\dist\server\require.js
- D:\ED位置\Easy Dataset\resources\app.asar\node_modules\next\dist\server\next-server.js
- D:\ED位置\Easy Dataset\resources\app.asar\node_modules\next\dist\server\next.js
- D:\ED位置\Easy Dataset\resources\app.asar\electron\modules\server.js
- D:\ED位置\Easy Dataset\resources\app.asar\electron\main.js
- 
    at Module._resolveFilename (node:internal/modules/cjs/loader:1408:15)
    at s._resolveFilename (node:electron/js2c/browser_init:2:129227)
    at D:\ED位置\Easy Dataset\resources\app.asar\node_modules\next\dist\server\require-hook.js:55:36
    at defaultResolveImpl (node:internal/modules/cjs/loader:1064:19)
    at resolveForCJSWithHooks (node:internal/modules/cjs/loader:1069:22)
    at Module._load (node:internal/modules/cjs/loader:1218:37)
    at c._load (node:electron/js2c/node_init:2:17950)
    at TracingChannel.traceSync (node:diagnostics_channel:322:14)
    at wrapModuleLoad (node:internal/modules/cjs/loader:242:24)
    at Module.require (node:internal/modules/cjs/loader:1494:12)
[2026-06-29T01:58:43.018Z] [LOG] [Request] POST /api/projects/1AKc2c3-BPfY/tasks
[2026-06-29T01:58:43.019Z] [ERROR]  ⨯ Error: Cannot find module 'unpdf'
Require stack:
- D:\ED位置\Easy Dataset\resources\app.asar\node_modules\@opendocsg\pdf2md\lib\util\pdf.js
- D:\ED位置\Easy Dataset\resources\app.asar\node_modules\@opendocsg\pdf2md\lib\pdf2md.js
- D:\ED位置\Easy Dataset\resources\app.asar\.next\server\app\api\projects\[projectId]\tasks\route.js
- D:\ED位置\Easy Dataset\resources\app.asar\node_modules\next\dist\server\require.js
- D:\ED位置\Easy Dataset\resources\app.asar\node_modules\next\dist\server\next-server.js
- D:\ED位置\Easy Dataset\resources\app.asar\node_modules\next\dist\server\next.js
- D:\ED位置\Easy Dataset\resources\app.asar\electron\modules\server.js
- D:\ED位置\Easy Dataset\resources\app.asar\electron\main.js
- 
Error: Cannot find module 'unpdf'
Require stack:
- D:\ED位置\Easy Dataset\resources\app.asar\node_modules\@opendocsg\pdf2md\lib\util\pdf.js
- D:\ED位置\Easy Dataset\resources\app.asar\node_modules\@opendocsg\pdf2md\lib\pdf2md.js
- D:\ED位置\Easy Dataset\resources\app.asar\.next\server\app\api\projects\[projectId]\tasks\route.js
- D:\ED位置\Easy Dataset\resources\app.asar\node_modules\next\dist\server\require.js
- D:\ED位置\Easy Dataset\resources\app.asar\node_modules\next\dist\server\next-server.js
- D:\ED位置\Easy Dataset\resources\app.asar\node_modules\next\dist\server\next.js
- D:\ED位置\Easy Dataset\resources\app.asar\electron\modules\server.js
- D:\ED位置\Easy Dataset\resources\app.asar\electron\main.js
- 
    at Module._resolveFilename (node:internal/modules/cjs/loader:1408:15)
    at s._resolveFilename (node:electron/js2c/browser_init:2:129227)
    at D:\ED位置\Easy Dataset\resources\app.asar\node_modules\next\dist\server\require-hook.js:55:36
    at defaultResolveImpl (node:internal/modules/cjs/loader:1064:19)
    at resolveForCJSWithHooks (node:internal/modules/cjs/loader:1069:22)
    at Module._load (node:internal/modules/cjs/loader:1218:37)
    at c._load (node:electron/js2c/node_init:2:17950)
    at TracingChannel.traceSync (node:diagnostics_channel:322:14)
    at wrapModuleLoad (node:internal/modules/cjs/loader:242:24)
    at Module.require (node:internal/modules/cjs/loader:1494:12)
[2026-06-29T01:58:43.022Z] [ERROR]  ⨯ Error: Cannot find module 'client-only'
Require stack:
- D:\ED位置\Easy Dataset\resources\app.asar\node_modules\styled-jsx\dist\index\index.js
- D:\ED位置\Easy Dataset\resources\app.asar\node_modules\styled-jsx\index.js
- D:\ED位置\Easy Dataset\resources\app.asar\node_modules\next\dist\compiled\next-server\pages.runtime.prod.js
- D:\ED位置\Easy Dataset\resources\app.asar\.next\server\pages\_document.js
- D:\ED位置\Easy Dataset\resources\app.asar\node_modules\next\dist\server\require.js
- D:\ED位置\Easy Dataset\resources\app.asar\node_modules\next\dist\server\next-server.js
- D:\ED位置\Easy Dataset\resources\app.asar\node_modules\next\dist\server\next.js
- D:\ED位置\Easy Dataset\resources\app.asar\electron\modules\server.js
- D:\ED位置\Easy Dataset\resources\app.asar\electron\main.js
- 
Error: Cannot find module 'client-only'
Require stack:
- D:\ED位置\Easy Dataset\resources\app.asar\node_modules\styled-jsx\dist\index\index.js
- D:\ED位置\Easy Dataset\resources\app.asar\node_modules\styled-jsx\index.js
- D:\ED位置\Easy Dataset\resources\app.asar\node_modules\next\dist\compiled\next-server\pages.runtime.prod.js
- D:\ED位置\Easy Dataset\resources\app.asar\.next\server\pages\_document.js
- D:\ED位置\Easy Dataset\resources\app.asar\node_modules\next\dist\server\require.js
- D:\ED位置\Easy Dataset\resources\app.asar\node_modules\next\dist\server\next-server.js
- D:\ED位置\Easy Dataset\resources\app.asar\node_modules\next\dist\server\next.js
- D:\ED位置\Easy Dataset\resources\app.asar\electron\modules\server.js
- D:\ED位置\Easy Dataset\resources\app.asar\electron\main.js
- 
    at Module._resolveFilename (node:internal/modules/cjs/loader:1408:15)
    at s._resolveFilename (node:electron/js2c/browser_init:2:129227)
    at D:\ED位置\Easy Dataset\resources\app.asar\node_modules\next\dist\server\require-hook.js:55:36
    at defaultResolveImpl (node:internal/modules/cjs/loader:1064:19)
    at resolveForCJSWithHooks (node:internal/modules/cjs/loader:1069:22)
    at Module._load (node:internal/modules/cjs/loader:1218:37)
    at c._load (node:electron/js2c/node_init:2:17950)
    at TracingChannel.traceSync (node:diagnostics_channel:322:14)
    at wrapModuleLoad (node:internal/modules/cjs/loader:242:24)
    at Module.require (node:internal/modules/cjs/loader:1494:12)
[2026-06-29T01:58:44.501Z] [LOG] [Request] GET /api/projects/1AKc2c3-BPfY/tasks/list?status=0
[2026-06-29T01:58:55.028Z] [LOG] [Request] GET /api/projects/1AKc2c3-BPfY/tasks/list?status=0
[2026-06-29T01:59:05.031Z] [LOG] [Request] GET /api/projects/1AKc2c3-BPfY/tasks/list?status=0
[2026-06-29T01:59:15.020Z] [LOG] [Request] GET /api/projects/1AKc2c3-BPfY/tasks/list?status=0
[2026-06-29T01:59:24.500Z] [LOG] [Request] GET /api/projects/1AKc2c3-BPfY/tasks/list?status=0
[2026-06-29T01:59:34.499Z] [LOG] [Request] GET /api/projects/1AKc2c3-BPfY/tasks/list?status=0
[2026-06-29T01:59:36.423Z] [LOG] [Request] POST /api/projects/1AKc2c3-BPfY/tasks
[2026-06-29T01:59:36.423Z] [ERROR]  ⨯ Error: Cannot find module 'unpdf'
Require stack:
- D:\ED位置\Easy Dataset\resources\app.asar\node_modules\@opendocsg\pdf2md\lib\util\pdf.js
- D:\ED位置\Easy Dataset\resources\app.asar\node_modules\@opendocsg\pdf2md\lib\pdf2md.js
- D:\ED位置\Easy Dataset\resources\app.asar\.next\server\app\api\projects\[projectId]\tasks\route.js
- D:\ED位置\Easy Dataset\resources\app.asar\node_modules\next\dist\server\require.js
- D:\ED位置\Easy Dataset\resources\app.asar\node_modules\next\dist\server\next-server.js
- D:\ED位置\Easy Dataset\resources\app.asar\node_modules\next\dist\server\next.js
- D:\ED位置\Easy Dataset\resources\app.asar\electron\modules\server.js
- D:\ED位置\Easy Dataset\resources\app.asar\electron\main.js
- 
Error: Cannot find module 'unpdf'
Require stack:
- D:\ED位置\Easy Dataset\resources\app.asar\node_modules\@opendocsg\pdf2md\lib\util\pdf.js
- D:\ED位置\Easy Dataset\resources\app.asar\node_modules\@opendocsg\pdf2md\lib\pdf2md.js
- D:\ED位置\Easy Dataset\resources\app.asar\.next\server\app\api\projects\[projectId]\tasks\route.js
- D:\ED位置\Easy Dataset\resources\app.asar\node_modules\next\dist\server\require.js
- D:\ED位置\Easy Dataset\resources\app.asar\node_modules\next\dist\server\next-server.js
- D:\ED位置\Easy Dataset\resources\app.asar\node_modules\next\dist\server\next.js
- D:\ED位置\Easy Dataset\resources\app.asar\electron\modules\server.js
- D:\ED位置\Easy Dataset\resources\app.asar\electron\main.js
- 
    at Module._resolveFilename (node:internal/modules/cjs/loader:1408:15)
    at s._resolveFilename (node:electron/js2c/browser_init:2:129227)
    at D:\ED位置\Easy Dataset\resources\app.asar\node_modules\next\dist\server\require-hook.js:55:36
    at defaultResolveImpl (node:internal/modules/cjs/loader:1064:19)
    at resolveForCJSWithHooks (node:internal/modules/cjs/loader:1069:22)
    at Module._load (node:internal/modules/cjs/loader:1218:37)
    at c._load (node:electron/js2c/node_init:2:17950)
    at TracingChannel.traceSync (node:diagnostics_channel:322:14)
    at wrapModuleLoad (node:internal/modules/cjs/loader:242:24)
    at Module.require (node:internal/modules/cjs/loader:1494:12)
[2026-06-29T01:59:36.427Z] [ERROR]  ⨯ Error: Cannot find module 'client-only'
Require stack:
- D:\ED位置\Easy Dataset\resources\app.asar\node_modules\styled-jsx\dist\index\index.js
- D:\ED位置\Easy Dataset\resources\app.asar\node_modules\styled-jsx\index.js
- D:\ED位置\Easy Dataset\resources\app.asar\node_modules\next\dist\compiled\next-server\pages.runtime.prod.js
- D:\ED位置\Easy Dataset\resources\app.asar\.next\server\pages\_document.js
- D:\ED位置\Easy Dataset\resources\app.asar\node_modules\next\dist\server\require.js
- D:\ED位置\Easy Dataset\resources\app.asar\node_modules\next\dist\server\next-server.js
- D:\ED位置\Easy Dataset\resources\app.asar\node_modules\next\dist\server\next.js
- D:\ED位置\Easy Dataset\resources\app.asar\electron\modules\server.js
- D:\ED位置\Easy Dataset\resources\app.asar\electron\main.js
- 
Error: Cannot find module 'client-only'
Require stack:
- D:\ED位置\Easy Dataset\resources\app.asar\node_modules\styled-jsx\dist\index\index.js
- D:\ED位置\Easy Dataset\resources\app.asar\node_modules\styled-jsx\index.js
- D:\ED位置\Easy Dataset\resources\app.asar\node_modules\next\dist\compiled\next-server\pages.runtime.prod.js
- D:\ED位置\Easy Dataset\resources\app.asar\.next\server\pages\_document.js
- D:\ED位置\Easy Dataset\resources\app.asar\node_modules\next\dist\server\require.js
- D:\ED位置\Easy Dataset\resources\app.asar\node_modules\next\dist\server\next-server.js
- D:\ED位置\Easy Dataset\resources\app.asar\node_modules\next\dist\server\next.js
- D:\ED位置\Easy Dataset\resources\app.asar\electron\modules\server.js
- D:\ED位置\Easy Dataset\resources\app.asar\electron\main.js
- 
    at Module._resolveFilename (node:internal/modules/cjs/loader:1408:15)
    at s._resolveFilename (node:electron/js2c/browser_init:2:129227)
    at D:\ED位置\Easy Dataset\resources\app.asar\node_modules\next\dist\server\require-hook.js:55:36
    at defaultResolveImpl (node:internal/modules/cjs/loader:1064:19)
    at resolveForCJSWithHooks (node:internal/modules/cjs/loader:1069:22)
    at Module._load (node:internal/modules/cjs/loader:1218:37)
    at c._load (node:electron/js2c/node_init:2:17950)
    at TracingChannel.traceSync (node:diagnostics_channel:322:14)
    at wrapModuleLoad (node:internal/modules/cjs/loader:242:24)
    at Module.require (node:internal/modules/cjs/loader:1494:12)
[2026-06-29T01:59:44.500Z] [LOG] [Request] GET /api/projects/1AKc2c3-BPfY/tasks/list?status=0
[2026-06-29T01:59:54.501Z] [LOG] [Request] GET /api/projects/1AKc2c3-BPfY/tasks/list?status=0
[2026-06-29T02:00:04.501Z] [LOG] [Request] GET /api/projects/1AKc2c3-BPfY/tasks/list?status=0
[2026-06-29T02:00:14.503Z] [LOG] [Request] GET /api/projects/1AKc2c3-BPfY/tasks/list?status=0
[2026-06-29T02:00:24.509Z] [LOG] [Request] GET /api/projects/1AKc2c3-BPfY/tasks/list?status=0
[2026-06-29T02:00:32.825Z] [LOG] [Request] POST /api/projects/1AKc2c3-BPfY/tasks
[2026-06-29T02:00:32.827Z] [ERROR]  ⨯ Error: Cannot find module 'unpdf'
Require stack:
- D:\ED位置\Easy Dataset\resources\app.asar\node_modules\@opendocsg\pdf2md\lib\util\pdf.js
- D:\ED位置\Easy Dataset\resources\app.asar\node_modules\@opendocsg\pdf2md\lib\pdf2md.js
- D:\ED位置\Easy Dataset\resources\app.asar\.next\server\app\api\projects\[projectId]\tasks\route.js
- D:\ED位置\Easy Dataset\resources\app.asar\node_modules\next\dist\server\require.js
- D:\ED位置\Easy Dataset\resources\app.asar\node_modules\next\dist\server\next-server.js
- D:\ED位置\Easy Dataset\resources\app.asar\node_modules\next\dist\server\next.js
- D:\ED位置\Easy Dataset\resources\app.asar\electron\modules\server.js
- D:\ED位置\Easy Dataset\resources\app.asar\electron\main.js
- 
Error: Cannot find module 'unpdf'
Require stack:
- D:\ED位置\Easy Dataset\resources\app.asar\node_modules\@opendocsg\pdf2md\lib\util\pdf.js
- D:\ED位置\Easy Dataset\resources\app.asar\node_modules\@opendocsg\pdf2md\lib\pdf2md.js
- D:\ED位置\Easy Dataset\resources\app.asar\.next\server\app\api\projects\[projectId]\tasks\route.js
- D:\ED位置\Easy Dataset\resources\app.asar\node_modules\next\dist\server\require.js
- D:\ED位置\Easy Dataset\resources\app.asar\node_modules\next\dist\server\next-server.js
- D:\ED位置\Easy Dataset\resources\app.asar\node_modules\next\dist\server\next.js
- D:\ED位置\Easy Dataset\resources\app.asar\electron\modules\server.js
- D:\ED位置\Easy Dataset\resources\app.asar\electron\main.js
- 
    at Module._resolveFilename (node:internal/modules/cjs/loader:1408:15)
    at s._resolveFilename (node:electron/js2c/browser_init:2:129227)
    at D:\ED位置\Easy Dataset\resources\app.asar\node_modules\next\dist\server\require-hook.js:55:36
    at defaultResolveImpl (node:internal/modules/cjs/loader:1064:19)
    at resolveForCJSWithHooks (node:internal/modules/cjs/loader:1069:22)
    at Module._load (node:internal/modules/cjs/loader:1218:37)
    at c._load (node:electron/js2c/node_init:2:17950)
    at TracingChannel.traceSync (node:diagnostics_channel:322:14)
    at wrapModuleLoad (node:internal/modules/cjs/loader:242:24)
    at Module.require (node:internal/modules/cjs/loader:1494:12)
[2026-06-29T02:00:32.838Z] [ERROR]  ⨯ Error: Cannot find module 'client-only'
Require stack:
- D:\ED位置\Easy Dataset\resources\app.asar\node_modules\styled-jsx\dist\index\index.js
- D:\ED位置\Easy Dataset\resources\app.asar\node_modules\styled-jsx\index.js
- D:\ED位置\Easy Dataset\resources\app.asar\node_modules\next\dist\compiled\next-server\pages.runtime.prod.js
- D:\ED位置\Easy Dataset\resources\app.asar\.next\server\pages\_document.js
- D:\ED位置\Easy Dataset\resources\app.asar\node_modules\next\dist\server\require.js
- D:\ED位置\Easy Dataset\resources\app.asar\node_modules\next\dist\server\next-server.js
- D:\ED位置\Easy Dataset\resources\app.asar\node_modules\next\dist\server\next.js
- D:\ED位置\Easy Dataset\resources\app.asar\electron\modules\server.js
- D:\ED位置\Easy Dataset\resources\app.asar\electron\main.js
- 
Error: Cannot find module 'client-only'
Require stack:
- D:\ED位置\Easy Dataset\resources\app.asar\node_modules\styled-jsx\dist\index\index.js
- D:\ED位置\Easy Dataset\resources\app.asar\node_modules\styled-jsx\index.js
- D:\ED位置\Easy Dataset\resources\app.asar\node_modules\next\dist\compiled\next-server\pages.runtime.prod.js
- D:\ED位置\Easy Dataset\resources\app.asar\.next\server\pages\_document.js
- D:\ED位置\Easy Dataset\resources\app.asar\node_modules\next\dist\server\require.js
- D:\ED位置\Easy Dataset\resources\app.asar\node_modules\next\dist\server\next-server.js
- D:\ED位置\Easy Dataset\resources\app.asar\node_modules\next\dist\server\next.js
- D:\ED位置\Easy Dataset\resources\app.asar\electron\modules\server.js
- D:\ED位置\Easy Dataset\resources\app.asar\electron\main.js
- 
    at Module._resolveFilename (node:internal/modules/cjs/loader:1408:15)
    at s._resolveFilename (node:electron/js2c/browser_init:2:129227)
    at D:\ED位置\Easy Dataset\resources\app.asar\node_modules\next\dist\server\require-hook.js:55:36
    at defaultResolveImpl (node:internal/modules/cjs/loader:1064:19)
    at resolveForCJSWithHooks (node:internal/modules/cjs/loader:1069:22)
    at Module._load (node:internal/modules/cjs/loader:1218:37)
    at c._load (node:electron/js2c/node_init:2:17950)
    at TracingChannel.traceSync (node:diagnostics_channel:322:14)
    at wrapModuleLoad (node:internal/modules/cjs/loader:242:24)
    at Module.require (node:internal/modules/cjs/loader:1494:12)
[2026-06-29T02:00:34.508Z] [LOG] [Request] GET /api/projects/1AKc2c3-BPfY/tasks/list?status=0
[2026-06-29T02:00:44.499Z] [LOG] [Request] GET /api/projects/1AKc2c3-BPfY/tasks/list?status=0
[2026-06-29T02:00:50.618Z] [LOG] [Request] POST /api/projects/1AKc2c3-BPfY/tasks
[2026-06-29T02:00:50.620Z] [ERROR]  ⨯ Error: Cannot find module 'unpdf'
Require stack:
- D:\ED位置\Easy Dataset\resources\app.asar\node_modules\@opendocsg\pdf2md\lib\util\pdf.js
- D:\ED位置\Easy Dataset\resources\app.asar\node_modules\@opendocsg\pdf2md\lib\pdf2md.js
- D:\ED位置\Easy Dataset\resources\app.asar\.next\server\app\api\projects\[projectId]\tasks\route.js
- D:\ED位置\Easy Dataset\resources\app.asar\node_modules\next\dist\server\require.js
- D:\ED位置\Easy Dataset\resources\app.asar\node_modules\next\dist\server\next-server.js
- D:\ED位置\Easy Dataset\resources\app.asar\node_modules\next\dist\server\next.js
- D:\ED位置\Easy Dataset\resources\app.asar\electron\modules\server.js
- D:\ED位置\Easy Dataset\resources\app.asar\electron\main.js
- 
Error: Cannot find module 'unpdf'
Require stack:
- D:\ED位置\Easy Dataset\resources\app.asar\node_modules\@opendocsg\pdf2md\lib\util\pdf.js
- D:\ED位置\Easy Dataset\resources\app.asar\node_modules\@opendocsg\pdf2md\lib\pdf2md.js
- D:\ED位置\Easy Dataset\resources\app.asar\.next\server\app\api\projects\[projectId]\tasks\route.js
- D:\ED位置\Easy Dataset\resources\app.asar\node_modules\next\dist\server\require.js
- D:\ED位置\Easy Dataset\resources\app.asar\node_modules\next\dist\server\next-server.js
- D:\ED位置\Easy Dataset\resources\app.asar\node_modules\next\dist\server\next.js
- D:\ED位置\Easy Dataset\resources\app.asar\electron\modules\server.js
- D:\ED位置\Easy Dataset\resources\app.asar\electron\main.js
- 
    at Module._resolveFilename (node:internal/modules/cjs/loader:1408:15)
    at s._resolveFilename (node:electron/js2c/browser_init:2:129227)
    at D:\ED位置\Easy Dataset\resources\app.asar\node_modules\next\dist\server\require-hook.js:55:36
    at defaultResolveImpl (node:internal/modules/cjs/loader:1064:19)
    at resolveForCJSWithHooks (node:internal/modules/cjs/loader:1069:22)
    at Module._load (node:internal/modules/cjs/loader:1218:37)
    at c._load (node:electron/js2c/node_init:2:17950)
    at TracingChannel.traceSync (node:diagnostics_channel:322:14)
    at wrapModuleLoad (node:internal/modules/cjs/loader:242:24)
    at Module.require (node:internal/modules/cjs/loader:1494:12)
[2026-06-29T02:00:50.629Z] [ERROR]  ⨯ Error: Cannot find module 'client-only'
Require stack:
- D:\ED位置\Easy Dataset\resources\app.asar\node_modules\styled-jsx\dist\index\index.js
- D:\ED位置\Easy Dataset\resources\app.asar\node_modules\styled-jsx\index.js
- D:\ED位置\Easy Dataset\resources\app.asar\node_modules\next\dist\compiled\next-server\pages.runtime.prod.js
- D:\ED位置\Easy Dataset\resources\app.asar\.next\server\pages\_document.js
- D:\ED位置\Easy Dataset\resources\app.asar\node_modules\next\dist\server\require.js
- D:\ED位置\Easy Dataset\resources\app.asar\node_modules\next\dist\server\next-server.js
- D:\ED位置\Easy Dataset\resources\app.asar\node_modules\next\dist\server\next.js
- D:\ED位置\Easy Dataset\resources\app.asar\electron\modules\server.js
- D:\ED位置\Easy Dataset\resources\app.asar\electron\main.js
- 
Error: Cannot find module 'client-only'
Require stack:
- D:\ED位置\Easy Dataset\resources\app.asar\node_modules\styled-jsx\dist\index\index.js
- D:\ED位置\Easy Dataset\resources\app.asar\node_modules\styled-jsx\index.js
- D:\ED位置\Easy Dataset\resources\app.asar\node_modules\next\dist\compiled\next-server\pages.runtime.prod.js
- D:\ED位置\Easy Dataset\resources\app.asar\.next\server\pages\_document.js
- D:\ED位置\Easy Dataset\resources\app.asar\node_modules\next\dist\server\require.js
- D:\ED位置\Easy Dataset\resources\app.asar\node_modules\next\dist\server\next-server.js
- D:\ED位置\Easy Dataset\resources\app.asar\node_modules\next\dist\server\next.js
- D:\ED位置\Easy Dataset\resources\app.asar\electron\modules\server.js
- D:\ED位置\Easy Dataset\resources\app.asar\electron\main.js
- 
    at Module._resolveFilename (node:internal/modules/cjs/loader:1408:15)
    at s._resolveFilename (node:electron/js2c/browser_init:2:129227)
    at D:\ED位置\Easy Dataset\resources\app.asar\node_modules\next\dist\server\require-hook.js:55:36
    at defaultResolveImpl (node:internal/modules/cjs/loader:1064:19)
    at resolveForCJSWithHooks (node:internal/modules/cjs/loader:1069:22)
    at Module._load (node:internal/modules/cjs/loader:1218:37)
    at c._load (node:electron/js2c/node_init:2:17950)
    at TracingChannel.traceSync (node:diagnostics_channel:322:14)
    at wrapModuleLoad (node:internal/modules/cjs/loader:242:24)
    at Module.require (node:internal/modules/cjs/loader:1494:12)
[2026-06-29T02:00:54.500Z] [LOG] [Request] GET /api/projects/1AKc2c3-BPfY/tasks/list?status=0
[2026-06-29T02:00:56.005Z] [LOG] [Request] POST /api/projects/1AKc2c3-BPfY/tasks
[2026-06-29T02:00:56.006Z] [ERROR]  ⨯ Error: Cannot find module 'unpdf'
Require stack:
- D:\ED位置\Easy Dataset\resources\app.asar\node_modules\@opendocsg\pdf2md\lib\util\pdf.js
- D:\ED位置\Easy Dataset\resources\app.asar\node_modules\@opendocsg\pdf2md\lib\pdf2md.js
- D:\ED位置\Easy Dataset\resources\app.asar\.next\server\app\api\projects\[projectId]\tasks\route.js
- D:\ED位置\Easy Dataset\resources\app.asar\node_modules\next\dist\server\require.js
- D:\ED位置\Easy Dataset\resources\app.asar\node_modules\next\dist\server\next-server.js
- D:\ED位置\Easy Dataset\resources\app.asar\node_modules\next\dist\server\next.js
- D:\ED位置\Easy Dataset\resources\app.asar\electron\modules\server.js
- D:\ED位置\Easy Dataset\resources\app.asar\electron\main.js
- 
Error: Cannot find module 'unpdf'
Require stack:
- D:\ED位置\Easy Dataset\resources\app.asar\node_modules\@opendocsg\pdf2md\lib\util\pdf.js
- D:\ED位置\Easy Dataset\resources\app.asar\node_modules\@opendocsg\pdf2md\lib\pdf2md.js
- D:\ED位置\Easy Dataset\resources\app.asar\.next\server\app\api\projects\[projectId]\tasks\route.js
- D:\ED位置\Easy Dataset\resources\app.asar\node_modules\next\dist\server\require.js
- D:\ED位置\Easy Dataset\resources\app.asar\node_modules\next\dist\server\next-server.js
- D:\ED位置\Easy Dataset\resources\app.asar\node_modules\next\dist\server\next.js
- D:\ED位置\Easy Dataset\resources\app.asar\electron\modules\server.js
- D:\ED位置\Easy Dataset\resources\app.asar\electron\main.js
- 
    at Module._resolveFilename (node:internal/modules/cjs/loader:1408:15)
    at s._resolveFilename (node:electron/js2c/browser_init:2:129227)
    at D:\ED位置\Easy Dataset\resources\app.asar\node_modules\next\dist\server\require-hook.js:55:36
    at defaultResolveImpl (node:internal/modules/cjs/loader:1064:19)
    at resolveForCJSWithHooks (node:internal/modules/cjs/loader:1069:22)
    at Module._load (node:internal/modules/cjs/loader:1218:37)
    at c._load (node:electron/js2c/node_init:2:17950)
    at TracingChannel.traceSync (node:diagnostics_channel:322:14)
    at wrapModuleLoad (node:internal/modules/cjs/loader:242:24)
    at Module.require (node:internal/modules/cjs/loader:1494:12)
[2026-06-29T02:00:56.015Z] [ERROR]  ⨯ Error: Cannot find module 'client-only'
Require stack:
- D:\ED位置\Easy Dataset\resources\app.asar\node_modules\styled-jsx\dist\index\index.js
- D:\ED位置\Easy Dataset\resources\app.asar\node_modules\styled-jsx\index.js
- D:\ED位置\Easy Dataset\resources\app.asar\node_modules\next\dist\compiled\next-server\pages.runtime.prod.js
- D:\ED位置\Easy Dataset\resources\app.asar\.next\server\pages\_document.js
- D:\ED位置\Easy Dataset\resources\app.asar\node_modules\next\dist\server\require.js
- D:\ED位置\Easy Dataset\resources\app.asar\node_modules\next\dist\server\next-server.js
- D:\ED位置\Easy Dataset\resources\app.asar\node_modules\next\dist\server\next.js
- D:\ED位置\Easy Dataset\resources\app.asar\electron\modules\server.js
- D:\ED位置\Easy Dataset\resources\app.asar\electron\main.js
- 
Error: Cannot find module 'client-only'
Require stack:
- D:\ED位置\Easy Dataset\resources\app.asar\node_modules\styled-jsx\dist\index\index.js
- D:\ED位置\Easy Dataset\resources\app.asar\node_modules\styled-jsx\index.js
- D:\ED位置\Easy Dataset\resources\app.asar\node_modules\next\dist\compiled\next-server\pages.runtime.prod.js
- D:\ED位置\Easy Dataset\resources\app.asar\.next\server\pages\_document.js
- D:\ED位置\Easy Dataset\resources\app.asar\node_modules\next\dist\server\require.js
- D:\ED位置\Easy Dataset\resources\app.asar\node_modules\next\dist\server\next-server.js
- D:\ED位置\Easy Dataset\resources\app.asar\node_modules\next\dist\server\next.js
- D:\ED位置\Easy Dataset\resources\app.asar\electron\modules\server.js
- D:\ED位置\Easy Dataset\resources\app.asar\electron\main.js
- 
    at Module._resolveFilename (node:internal/modules/cjs/loader:1408:15)
    at s._resolveFilename (node:electron/js2c/browser_init:2:129227)
    at D:\ED位置\Easy Dataset\resources\app.asar\node_modules\next\dist\server\require-hook.js:55:36
    at defaultResolveImpl (node:internal/modules/cjs/loader:1064:19)
    at resolveForCJSWithHooks (node:internal/modules/cjs/loader:1069:22)
    at Module._load (node:internal/modules/cjs/loader:1218:37)
    at c._load (node:electron/js2c/node_init:2:17950)
    at TracingChannel.traceSync (node:diagnostics_channel:322:14)
    at wrapModuleLoad (node:internal/modules/cjs/loader:242:24)
    at Module.require (node:internal/modules/cjs/loader:1494:12)
[2026-06-29T02:01:04.498Z] [LOG] [Request] GET /api/projects/1AKc2c3-BPfY/tasks/list?status=0
[2026-06-29T02:01:14.511Z] [LOG] [Request] GET /api/projects/1AKc2c3-BPfY/tasks/list?status=0
[2026-06-29T02:01:22.934Z] [LOG] [Request] POST /api/projects/1AKc2c3-BPfY/tasks
[2026-06-29T02:01:22.935Z] [ERROR]  ⨯ Error: Cannot find module 'unpdf'
Require stack:
- D:\ED位置\Easy Dataset\resources\app.asar\node_modules\@opendocsg\pdf2md\lib\util\pdf.js
- D:\ED位置\Easy Dataset\resources\app.asar\node_modules\@opendocsg\pdf2md\lib\pdf2md.js
- D:\ED位置\Easy Dataset\resources\app.asar\.next\server\app\api\projects\[projectId]\tasks\route.js
- D:\ED位置\Easy Dataset\resources\app.asar\node_modules\next\dist\server\require.js
- D:\ED位置\Easy Dataset\resources\app.asar\node_modules\next\dist\server\next-server.js
- D:\ED位置\Easy Dataset\resources\app.asar\node_modules\next\dist\server\next.js
- D:\ED位置\Easy Dataset\resources\app.asar\electron\modules\server.js
- D:\ED位置\Easy Dataset\resources\app.asar\electron\main.js
- 
Error: Cannot find module 'unpdf'
Require stack:
- D:\ED位置\Easy Dataset\resources\app.asar\node_modules\@opendocsg\pdf2md\lib\util\pdf.js
- D:\ED位置\Easy Dataset\resources\app.asar\node_modules\@opendocsg\pdf2md\lib\pdf2md.js
- D:\ED位置\Easy Dataset\resources\app.asar\.next\server\app\api\projects\[projectId]\tasks\route.js
- D:\ED位置\Easy Dataset\resources\app.asar\node_modules\next\dist\server\require.js
- D:\ED位置\Easy Dataset\resources\app.asar\node_modules\next\dist\server\next-server.js
- D:\ED位置\Easy Dataset\resources\app.asar\node_modules\next\dist\server\next.js
- D:\ED位置\Easy Dataset\resources\app.asar\electron\modules\server.js
- D:\ED位置\Easy Dataset\resources\app.asar\electron\main.js
- 
    at Module._resolveFilename (node:internal/modules/cjs/loader:1408:15)
    at s._resolveFilename (node:electron/js2c/browser_init:2:129227)
    at D:\ED位置\Easy Dataset\resources\app.asar\node_modules\next\dist\server\require-hook.js:55:36
    at defaultResolveImpl (node:internal/modules/cjs/loader:1064:19)
    at resolveForCJSWithHooks (node:internal/modules/cjs/loader:1069:22)
    at Module._load (node:internal/modules/cjs/loader:1218:37)
    at c._load (node:electron/js2c/node_init:2:17950)
    at TracingChannel.traceSync (node:diagnostics_channel:322:14)
    at wrapModuleLoad (node:internal/modules/cjs/loader:242:24)
    at Module.require (node:internal/modules/cjs/loader:1494:12)
[2026-06-29T02:01:22.943Z] [ERROR]  ⨯ Error: Cannot find module 'client-only'
Require stack:
- D:\ED位置\Easy Dataset\resources\app.asar\node_modules\styled-jsx\dist\index\index.js
- D:\ED位置\Easy Dataset\resources\app.asar\node_modules\styled-jsx\index.js
- D:\ED位置\Easy Dataset\resources\app.asar\node_modules\next\dist\compiled\next-server\pages.runtime.prod.js
- D:\ED位置\Easy Dataset\resources\app.asar\.next\server\pages\_document.js
- D:\ED位置\Easy Dataset\resources\app.asar\node_modules\next\dist\server\require.js
- D:\ED位置\Easy Dataset\resources\app.asar\node_modules\next\dist\server\next-server.js
- D:\ED位置\Easy Dataset\resources\app.asar\node_modules\next\dist\server\next.js
- D:\ED位置\Easy Dataset\resources\app.asar\electron\modules\server.js
- D:\ED位置\Easy Dataset\resources\app.asar\electron\main.js
- 
Error: Cannot find module 'client-only'
Require stack:
- D:\ED位置\Easy Dataset\resources\app.asar\node_modules\styled-jsx\dist\index\index.js
- D:\ED位置\Easy Dataset\resources\app.asar\node_modules\styled-jsx\index.js
- D:\ED位置\Easy Dataset\resources\app.asar\node_modules\next\dist\compiled\next-server\pages.runtime.prod.js
- D:\ED位置\Easy Dataset\resources\app.asar\.next\server\pages\_document.js
- D:\ED位置\Easy Dataset\resources\app.asar\node_modules\next\dist\server\require.js
- D:\ED位置\Easy Dataset\resources\app.asar\node_modules\next\dist\server\next-server.js
- D:\ED位置\Easy Dataset\resources\app.asar\node_modules\next\dist\server\next.js
- D:\ED位置\Easy Dataset\resources\app.asar\electron\modules\server.js
- D:\ED位置\Easy Dataset\resources\app.asar\electron\main.js
- 
    at Module._resolveFilename (node:internal/modules/cjs/loader:1408:15)
    at s._resolveFilename (node:electron/js2c/browser_init:2:129227)
    at D:\ED位置\Easy Dataset\resources\app.asar\node_modules\next\dist\server\require-hook.js:55:36
    at defaultResolveImpl (node:internal/modules/cjs/loader:1064:19)
    at resolveForCJSWithHooks (node:internal/modules/cjs/loader:1069:22)
    at Module._load (node:internal/modules/cjs/loader:1218:37)
    at c._load (node:electron/js2c/node_init:2:17950)
    at TracingChannel.traceSync (node:diagnostics_channel:322:14)
    at wrapModuleLoad (node:internal/modules/cjs/loader:242:24)
    at Module.require (node:internal/modules/cjs/loader:1494:12)
[2026-06-29T02:01:24.498Z] [LOG] [Request] GET /api/projects/1AKc2c3-BPfY/tasks/list?status=0
[2026-06-29T02:01:25.452Z] [LOG] [Request] POST /api/projects/1AKc2c3-BPfY/tasks
[2026-06-29T02:01:25.453Z] [ERROR]  ⨯ Error: Cannot find module 'unpdf'
Require stack:
- D:\ED位置\Easy Dataset\resources\app.asar\node_modules\@opendocsg\pdf2md\lib\util\pdf.js
- D:\ED位置\Easy Dataset\resources\app.asar\node_modules\@opendocsg\pdf2md\lib\pdf2md.js
- D:\ED位置\Easy Dataset\resources\app.asar\.next\server\app\api\projects\[projectId]\tasks\route.js
- D:\ED位置\Easy Dataset\resources\app.asar\node_modules\next\dist\server\require.js
- D:\ED位置\Easy Dataset\resources\app.asar\node_modules\next\dist\server\next-server.js
- D:\ED位置\Easy Dataset\resources\app.asar\node_modules\next\dist\server\next.js
- D:\ED位置\Easy Dataset\resources\app.asar\electron\modules\server.js
- D:\ED位置\Easy Dataset\resources\app.asar\electron\main.js
- 
Error: Cannot find module 'unpdf'
Require stack:
- D:\ED位置\Easy Dataset\resources\app.asar\node_modules\@opendocsg\pdf2md\lib\util\pdf.js
- D:\ED位置\Easy Dataset\resources\app.asar\node_modules\@opendocsg\pdf2md\lib\pdf2md.js
- D:\ED位置\Easy Dataset\resources\app.asar\.next\server\app\api\projects\[projectId]\tasks\route.js
- D:\ED位置\Easy Dataset\resources\app.asar\node_modules\next\dist\server\require.js
- D:\ED位置\Easy Dataset\resources\app.asar\node_modules\next\dist\server\next-server.js
- D:\ED位置\Easy Dataset\resources\app.asar\node_modules\next\dist\server\next.js
- D:\ED位置\Easy Dataset\resources\app.asar\electron\modules\server.js
- D:\ED位置\Easy Dataset\resources\app.asar\electron\main.js
- 
    at Module._resolveFilename (node:internal/modules/cjs/loader:1408:15)
    at s._resolveFilename (node:electron/js2c/browser_init:2:129227)
    at D:\ED位置\Easy Dataset\resources\app.asar\node_modules\next\dist\server\require-hook.js:55:36
    at defaultResolveImpl (node:internal/modules/cjs/loader:1064:19)
    at resolveForCJSWithHooks (node:internal/modules/cjs/loader:1069:22)
    at Module._load (node:internal/modules/cjs/loader:1218:37)
    at c._load (node:electron/js2c/node_init:2:17950)
    at TracingChannel.traceSync (node:diagnostics_channel:322:14)
    at wrapModuleLoad (node:internal/modules/cjs/loader:242:24)
    at Module.require (node:internal/modules/cjs/loader:1494:12)
[2026-06-29T02:01:25.461Z] [ERROR]  ⨯ Error: Cannot find module 'client-only'
Require stack:
- D:\ED位置\Easy Dataset\resources\app.asar\node_modules\styled-jsx\dist\index\index.js
- D:\ED位置\Easy Dataset\resources\app.asar\node_modules\styled-jsx\index.js
- D:\ED位置\Easy Dataset\resources\app.asar\node_modules\next\dist\compiled\next-server\pages.runtime.prod.js
- D:\ED位置\Easy Dataset\resources\app.asar\.next\server\pages\_document.js
- D:\ED位置\Easy Dataset\resources\app.asar\node_modules\next\dist\server\require.js
- D:\ED位置\Easy Dataset\resources\app.asar\node_modules\next\dist\server\next-server.js
- D:\ED位置\Easy Dataset\resources\app.asar\node_modules\next\dist\server\next.js
- D:\ED位置\Easy Dataset\resources\app.asar\electron\modules\server.js
- D:\ED位置\Easy Dataset\resources\app.asar\electron\main.js
- 
Error: Cannot find module 'client-only'
Require stack:
- D:\ED位置\Easy Dataset\resources\app.asar\node_modules\styled-jsx\dist\index\index.js
- D:\ED位置\Easy Dataset\resources\app.asar\node_modules\styled-jsx\index.js
- D:\ED位置\Easy Dataset\resources\app.asar\node_modules\next\dist\compiled\next-server\pages.runtime.prod.js
- D:\ED位置\Easy Dataset\resources\app.asar\.next\server\pages\_document.js
- D:\ED位置\Easy Dataset\resources\app.asar\node_modules\next\dist\server\require.js
- D:\ED位置\Easy Dataset\resources\app.asar\node_modules\next\dist\server\next-server.js
- D:\ED位置\Easy Dataset\resources\app.asar\node_modules\next\dist\server\next.js
- D:\ED位置\Easy Dataset\resources\app.asar\electron\modules\server.js
- D:\ED位置\Easy Dataset\resources\app.asar\electron\main.js
- 
    at Module._resolveFilename (node:internal/modules/cjs/loader:1408:15)
    at s._resolveFilename (node:electron/js2c/browser_init:2:129227)
    at D:\ED位置\Easy Dataset\resources\app.asar\node_modules\next\dist\server\require-hook.js:55:36
    at defaultResolveImpl (node:internal/modules/cjs/loader:1064:19)
    at resolveForCJSWithHooks (node:internal/modules/cjs/loader:1069:22)
    at Module._load (node:internal/modules/cjs/loader:1218:37)
    at c._load (node:electron/js2c/node_init:2:17950)
    at TracingChannel.traceSync (node:diagnostics_channel:322:14)
    at wrapModuleLoad (node:internal/modules/cjs/loader:242:24)
    at Module.require (node:internal/modules/cjs/loader:1494:12)
[2026-06-29T02:01:34.498Z] [LOG] [Request] GET /api/projects/1AKc2c3-BPfY/tasks/list?status=0
[2026-06-29T02:01:44.511Z] [LOG] [Request] GET /api/projects/1AKc2c3-BPfY/tasks/list?status=0
[2026-06-29T02:01:54.503Z] [LOG] [Request] GET /api/projects/1AKc2c3-BPfY/tasks/list?status=0
[2026-06-29T02:02:04.517Z] [LOG] [Request] GET /api/projects/1AKc2c3-BPfY/tasks/list?status=0
[2026-06-29T02:02:07.015Z] [LOG] [Request] POST /api/projects/1AKc2c3-BPfY/tasks
[2026-06-29T02:02:07.017Z] [ERROR]  ⨯ Error: Cannot find module 'unpdf'
Require stack:
- D:\ED位置\Easy Dataset\resources\app.asar\node_modules\@opendocsg\pdf2md\lib\util\pdf.js
- D:\ED位置\Easy Dataset\resources\app.asar\node_modules\@opendocsg\pdf2md\lib\pdf2md.js
- D:\ED位置\Easy Dataset\resources\app.asar\.next\server\app\api\projects\[projectId]\tasks\route.js
- D:\ED位置\Easy Dataset\resources\app.asar\node_modules\next\dist\server\require.js
- D:\ED位置\Easy Dataset\resources\app.asar\node_modules\next\dist\server\next-server.js
- D:\ED位置\Easy Dataset\resources\app.asar\node_modules\next\dist\server\next.js
- D:\ED位置\Easy Dataset\resources\app.asar\electron\modules\server.js
- D:\ED位置\Easy Dataset\resources\app.asar\electron\main.js
- 
Error: Cannot find module 'unpdf'
Require stack:
- D:\ED位置\Easy Dataset\resources\app.asar\node_modules\@opendocsg\pdf2md\lib\util\pdf.js
- D:\ED位置\Easy Dataset\resources\app.asar\node_modules\@opendocsg\pdf2md\lib\pdf2md.js
- D:\ED位置\Easy Dataset\resources\app.asar\.next\server\app\api\projects\[projectId]\tasks\route.js
- D:\ED位置\Easy Dataset\resources\app.asar\node_modules\next\dist\server\require.js
- D:\ED位置\Easy Dataset\resources\app.asar\node_modules\next\dist\server\next-server.js
- D:\ED位置\Easy Dataset\resources\app.asar\node_modules\next\dist\server\next.js
- D:\ED位置\Easy Dataset\resources\app.asar\electron\modules\server.js
- D:\ED位置\Easy Dataset\resources\app.asar\electron\main.js
- 
    at Module._resolveFilename (node:internal/modules/cjs/loader:1408:15)
    at s._resolveFilename (node:electron/js2c/browser_init:2:129227)
    at D:\ED位置\Easy Dataset\resources\app.asar\node_modules\next\dist\server\require-hook.js:55:36
    at defaultResolveImpl (node:internal/modules/cjs/loader:1064:19)
    at resolveForCJSWithHooks (node:internal/modules/cjs/loader:1069:22)
    at Module._load (node:internal/modules/cjs/loader:1218:37)
    at c._load (node:electron/js2c/node_init:2:17950)
    at TracingChannel.traceSync (node:diagnostics_channel:322:14)
    at wrapModuleLoad (node:internal/modules/cjs/loader:242:24)
    at Module.require (node:internal/modules/cjs/loader:1494:12)
[2026-06-29T02:02:07.028Z] [ERROR]  ⨯ Error: Cannot find module 'client-only'
Require stack:
- D:\ED位置\Easy Dataset\resources\app.asar\node_modules\styled-jsx\dist\index\index.js
- D:\ED位置\Easy Dataset\resources\app.asar\node_modules\styled-jsx\index.js
- D:\ED位置\Easy Dataset\resources\app.asar\node_modules\next\dist\compiled\next-server\pages.runtime.prod.js
- D:\ED位置\Easy Dataset\resources\app.asar\.next\server\pages\_document.js
- D:\ED位置\Easy Dataset\resources\app.asar\node_modules\next\dist\server\require.js
- D:\ED位置\Easy Dataset\resources\app.asar\node_modules\next\dist\server\next-server.js
- D:\ED位置\Easy Dataset\resources\app.asar\node_modules\next\dist\server\next.js
- D:\ED位置\Easy Dataset\resources\app.asar\electron\modules\server.js
- D:\ED位置\Easy Dataset\resources\app.asar\electron\main.js
- 
Error: Cannot find module 'client-only'
Require stack:
- D:\ED位置\Easy Dataset\resources\app.asar\node_modules\styled-jsx\dist\index\index.js
- D:\ED位置\Easy Dataset\resources\app.asar\node_modules\styled-jsx\index.js
- D:\ED位置\Easy Dataset\resources\app.asar\node_modules\next\dist\compiled\next-server\pages.runtime.prod.js
- D:\ED位置\Easy Dataset\resources\app.asar\.next\server\pages\_document.js
- D:\ED位置\Easy Dataset\resources\app.asar\node_modules\next\dist\server\require.js
- D:\ED位置\Easy Dataset\resources\app.asar\node_modules\next\dist\server\next-server.js
- D:\ED位置\Easy Dataset\resources\app.asar\node_modules\next\dist\server\next.js
- D:\ED位置\Easy Dataset\resources\app.asar\electron\modules\server.js
- D:\ED位置\Easy Dataset\resources\app.asar\electron\main.js
- 
    at Module._resolveFilename (node:internal/modules/cjs/loader:1408:15)
    at s._resolveFilename (node:electron/js2c/browser_init:2:129227)
    at D:\ED位置\Easy Dataset\resources\app.asar\node_modules\next\dist\server\require-hook.js:55:36
    at defaultResolveImpl (node:internal/modules/cjs/loader:1064:19)
    at resolveForCJSWithHooks (node:internal/modules/cjs/loader:1069:22)
    at Module._load (node:internal/modules/cjs/loader:1218:37)
    at c._load (node:electron/js2c/node_init:2:17950)
    at TracingChannel.traceSync (node:diagnostics_channel:322:14)
    at wrapModuleLoad (node:internal/modules/cjs/loader:242:24)
    at Module.require (node:internal/modules/cjs/loader:1494:12)
[2026-06-29T02:02:13.403Z] [LOG] [Request] POST /api/projects/1AKc2c3-BPfY/tasks
[2026-06-29T02:02:13.405Z] [ERROR]  ⨯ Error: Cannot find module 'unpdf'
Require stack:
- D:\ED位置\Easy Dataset\resources\app.asar\node_modules\@opendocsg\pdf2md\lib\util\pdf.js
- D:\ED位置\Easy Dataset\resources\app.asar\node_modules\@opendocsg\pdf2md\lib\pdf2md.js
- D:\ED位置\Easy Dataset\resources\app.asar\.next\server\app\api\projects\[projectId]\tasks\route.js
- D:\ED位置\Easy Dataset\resources\app.asar\node_modules\next\dist\server\require.js
- D:\ED位置\Easy Dataset\resources\app.asar\node_modules\next\dist\server\next-server.js
- D:\ED位置\Easy Dataset\resources\app.asar\node_modules\next\dist\server\next.js
- D:\ED位置\Easy Dataset\resources\app.asar\electron\modules\server.js
- D:\ED位置\Easy Dataset\resources\app.asar\electron\main.js
- 
Error: Cannot find module 'unpdf'
Require stack:
- D:\ED位置\Easy Dataset\resources\app.asar\node_modules\@opendocsg\pdf2md\lib\util\pdf.js
- D:\ED位置\Easy Dataset\resources\app.asar\node_modules\@opendocsg\pdf2md\lib\pdf2md.js
- D:\ED位置\Easy Dataset\resources\app.asar\.next\server\app\api\projects\[projectId]\tasks\route.js
- D:\ED位置\Easy Dataset\resources\app.asar\node_modules\next\dist\server\require.js
- D:\ED位置\Easy Dataset\resources\app.asar\node_modules\next\dist\server\next-server.js
- D:\ED位置\Easy Dataset\resources\app.asar\node_modules\next\dist\server\next.js
- D:\ED位置\Easy Dataset\resources\app.asar\electron\modules\server.js
- D:\ED位置\Easy Dataset\resources\app.asar\electron\main.js
- 
    at Module._resolveFilename (node:internal/modules/cjs/loader:1408:15)
    at s._resolveFilename (node:electron/js2c/browser_init:2:129227)
    at D:\ED位置\Easy Dataset\resources\app.asar\node_modules\next\dist\server\require-hook.js:55:36
    at defaultResolveImpl (node:internal/modules/cjs/loader:1064:19)
    at resolveForCJSWithHooks (node:internal/modules/cjs/loader:1069:22)
    at Module._load (node:internal/modules/cjs/loader:1218:37)
    at c._load (node:electron/js2c/node_init:2:17950)
    at TracingChannel.traceSync (node:diagnostics_channel:322:14)
    at wrapModuleLoad (node:internal/modules/cjs/loader:242:24)
    at Module.require (node:internal/modules/cjs/loader:1494:12)
[2026-06-29T02:02:13.415Z] [ERROR]  ⨯ Error: Cannot find module 'client-only'
Require stack:
- D:\ED位置\Easy Dataset\resources\app.asar\node_modules\styled-jsx\dist\index\index.js
- D:\ED位置\Easy Dataset\resources\app.asar\node_modules\styled-jsx\index.js
- D:\ED位置\Easy Dataset\resources\app.asar\node_modules\next\dist\compiled\next-server\pages.runtime.prod.js
- D:\ED位置\Easy Dataset\resources\app.asar\.next\server\pages\_document.js
- D:\ED位置\Easy Dataset\resources\app.asar\node_modules\next\dist\server\require.js
- D:\ED位置\Easy Dataset\resources\app.asar\node_modules\next\dist\server\next-server.js
- D:\ED位置\Easy Dataset\resources\app.asar\node_modules\next\dist\server\next.js
- D:\ED位置\Easy Dataset\resources\app.asar\electron\modules\server.js
- D:\ED位置\Easy Dataset\resources\app.asar\electron\main.js
- 
Error: Cannot find module 'client-only'
Require stack:
- D:\ED位置\Easy Dataset\resources\app.asar\node_modules\styled-jsx\dist\index\index.js
- D:\ED位置\Easy Dataset\resources\app.asar\node_modules\styled-jsx\index.js
- D:\ED位置\Easy Dataset\resources\app.asar\node_modules\next\dist\compiled\next-server\pages.runtime.prod.js
- D:\ED位置\Easy Dataset\resources\app.asar\.next\server\pages\_document.js
- D:\ED位置\Easy Dataset\resources\app.asar\node_modules\next\dist\server\require.js
- D:\ED位置\Easy Dataset\resources\app.asar\node_modules\next\dist\server\next-server.js
- D:\ED位置\Easy Dataset\resources\app.asar\node_modules\next\dist\server\next.js
- D:\ED位置\Easy Dataset\resources\app.asar\electron\modules\server.js
- D:\ED位置\Easy Dataset\resources\app.asar\electron\main.js
- 
    at Module._resolveFilename (node:internal/modules/cjs/loader:1408:15)
    at s._resolveFilename (node:electron/js2c/browser_init:2:129227)
    at D:\ED位置\Easy Dataset\resources\app.asar\node_modules\next\dist\server\require-hook.js:55:36
    at defaultResolveImpl (node:internal/modules/cjs/loader:1064:19)
    at resolveForCJSWithHooks (node:internal/modules/cjs/loader:1069:22)
    at Module._load (node:internal/modules/cjs/loader:1218:37)
    at c._load (node:electron/js2c/node_init:2:17950)
    at TracingChannel.traceSync (node:diagnostics_channel:322:14)
    at wrapModuleLoad (node:internal/modules/cjs/loader:242:24)
    at Module.require (node:internal/modules/cjs/loader:1494:12)
[2026-06-29T02:02:14.501Z] [LOG] [Request] GET /api/projects/1AKc2c3-BPfY/tasks/list?status=0
[2026-06-29T02:02:23.919Z] [LOG] [Request] POST /api/projects/1AKc2c3-BPfY/tasks
[2026-06-29T02:02:23.921Z] [ERROR]  ⨯ Error: Cannot find module 'unpdf'
Require stack:
- D:\ED位置\Easy Dataset\resources\app.asar\node_modules\@opendocsg\pdf2md\lib\util\pdf.js
- D:\ED位置\Easy Dataset\resources\app.asar\node_modules\@opendocsg\pdf2md\lib\pdf2md.js
- D:\ED位置\Easy Dataset\resources\app.asar\.next\server\app\api\projects\[projectId]\tasks\route.js
- D:\ED位置\Easy Dataset\resources\app.asar\node_modules\next\dist\server\require.js
- D:\ED位置\Easy Dataset\resources\app.asar\node_modules\next\dist\server\next-server.js
- D:\ED位置\Easy Dataset\resources\app.asar\node_modules\next\dist\server\next.js
- D:\ED位置\Easy Dataset\resources\app.asar\electron\modules\server.js
- D:\ED位置\Easy Dataset\resources\app.asar\electron\main.js
- 
Error: Cannot find module 'unpdf'
Require stack:
- D:\ED位置\Easy Dataset\resources\app.asar\node_modules\@opendocsg\pdf2md\lib\util\pdf.js
- D:\ED位置\Easy Dataset\resources\app.asar\node_modules\@opendocsg\pdf2md\lib\pdf2md.js
- D:\ED位置\Easy Dataset\resources\app.asar\.next\server\app\api\projects\[projectId]\tasks\route.js
- D:\ED位置\Easy Dataset\resources\app.asar\node_modules\next\dist\server\require.js
- D:\ED位置\Easy Dataset\resources\app.asar\node_modules\next\dist\server\next-server.js
- D:\ED位置\Easy Dataset\resources\app.asar\node_modules\next\dist\server\next.js
- D:\ED位置\Easy Dataset\resources\app.asar\electron\modules\server.js
- D:\ED位置\Easy Dataset\resources\app.asar\electron\main.js
- 
    at Module._resolveFilename (node:internal/modules/cjs/loader:1408:15)
    at s._resolveFilename (node:electron/js2c/browser_init:2:129227)
    at D:\ED位置\Easy Dataset\resources\app.asar\node_modules\next\dist\server\require-hook.js:55:36
    at defaultResolveImpl (node:internal/modules/cjs/loader:1064:19)
    at resolveForCJSWithHooks (node:internal/modules/cjs/loader:1069:22)
    at Module._load (node:internal/modules/cjs/loader:1218:37)
    at c._load (node:electron/js2c/node_init:2:17950)
    at TracingChannel.traceSync (node:diagnostics_channel:322:14)
    at wrapModuleLoad (node:internal/modules/cjs/loader:242:24)
    at Module.require (node:internal/modules/cjs/loader:1494:12)
[2026-06-29T02:02:23.928Z] [ERROR]  ⨯ Error: Cannot find module 'client-only'
Require stack:
- D:\ED位置\Easy Dataset\resources\app.asar\node_modules\styled-jsx\dist\index\index.js
- D:\ED位置\Easy Dataset\resources\app.asar\node_modules\styled-jsx\index.js
- D:\ED位置\Easy Dataset\resources\app.asar\node_modules\next\dist\compiled\next-server\pages.runtime.prod.js
- D:\ED位置\Easy Dataset\resources\app.asar\.next\server\pages\_document.js
- D:\ED位置\Easy Dataset\resources\app.asar\node_modules\next\dist\server\require.js
- D:\ED位置\Easy Dataset\resources\app.asar\node_modules\next\dist\server\next-server.js
- D:\ED位置\Easy Dataset\resources\app.asar\node_modules\next\dist\server\next.js
- D:\ED位置\Easy Dataset\resources\app.asar\electron\modules\server.js
- D:\ED位置\Easy Dataset\resources\app.asar\electron\main.js
- 
Error: Cannot find module 'client-only'
Require stack:
- D:\ED位置\Easy Dataset\resources\app.asar\node_modules\styled-jsx\dist\index\index.js
- D:\ED位置\Easy Dataset\resources\app.asar\node_modules\styled-jsx\index.js
- D:\ED位置\Easy Dataset\resources\app.asar\node_modules\next\dist\compiled\next-server\pages.runtime.prod.js
- D:\ED位置\Easy Dataset\resources\app.asar\.next\server\pages\_document.js
- D:\ED位置\Easy Dataset\resources\app.asar\node_modules\next\dist\server\require.js
- D:\ED位置\Easy Dataset\resources\app.asar\node_modules\next\dist\server\next-server.js
- D:\ED位置\Easy Dataset\resources\app.asar\node_modules\next\dist\server\next.js
- D:\ED位置\Easy Dataset\resources\app.asar\electron\modules\server.js
- D:\ED位置\Easy Dataset\resources\app.asar\electron\main.js
- 
    at Module._resolveFilename (node:internal/modules/cjs/loader:1408:15)
    at s._resolveFilename (node:electron/js2c/browser_init:2:129227)
    at D:\ED位置\Easy Dataset\resources\app.asar\node_modules\next\dist\server\require-hook.js:55:36
    at defaultResolveImpl (node:internal/modules/cjs/loader:1064:19)
    at resolveForCJSWithHooks (node:internal/modules/cjs/loader:1069:22)
    at Module._load (node:internal/modules/cjs/loader:1218:37)
    at c._load (node:electron/js2c/node_init:2:17950)
    at TracingChannel.traceSync (node:diagnostics_channel:322:14)
    at wrapModuleLoad (node:internal/modules/cjs/loader:242:24)
    at Module.require (node:internal/modules/cjs/loader:1494:12)
[2026-06-29T02:02:24.540Z] [LOG] [Request] GET /api/projects/1AKc2c3-BPfY/tasks/list?status=0
[2026-06-29T02:02:25.430Z] [LOG] [Request] POST /api/projects/1AKc2c3-BPfY/tasks
[2026-06-29T02:02:25.431Z] [ERROR]  ⨯ Error: Cannot find module 'unpdf'
Require stack:
- D:\ED位置\Easy Dataset\resources\app.asar\node_modules\@opendocsg\pdf2md\lib\util\pdf.js
- D:\ED位置\Easy Dataset\resources\app.asar\node_modules\@opendocsg\pdf2md\lib\pdf2md.js
- D:\ED位置\Easy Dataset\resources\app.asar\.next\server\app\api\projects\[projectId]\tasks\route.js
- D:\ED位置\Easy Dataset\resources\app.asar\node_modules\next\dist\server\require.js
- D:\ED位置\Easy Dataset\resources\app.asar\node_modules\next\dist\server\next-server.js
- D:\ED位置\Easy Dataset\resources\app.asar\node_modules\next\dist\server\next.js
- D:\ED位置\Easy Dataset\resources\app.asar\electron\modules\server.js
- D:\ED位置\Easy Dataset\resources\app.asar\electron\main.js
- 
Error: Cannot find module 'unpdf'
Require stack:
- D:\ED位置\Easy Dataset\resources\app.asar\node_modules\@opendocsg\pdf2md\lib\util\pdf.js
- D:\ED位置\Easy Dataset\resources\app.asar\node_modules\@opendocsg\pdf2md\lib\pdf2md.js
- D:\ED位置\Easy Dataset\resources\app.asar\.next\server\app\api\projects\[projectId]\tasks\route.js
- D:\ED位置\Easy Dataset\resources\app.asar\node_modules\next\dist\server\require.js
- D:\ED位置\Easy Dataset\resources\app.asar\node_modules\next\dist\server\next-server.js
- D:\ED位置\Easy Dataset\resources\app.asar\node_modules\next\dist\server\next.js
- D:\ED位置\Easy Dataset\resources\app.asar\electron\modules\server.js
- D:\ED位置\Easy Dataset\resources\app.asar\electron\main.js
- 
    at Module._resolveFilename (node:internal/modules/cjs/loader:1408:15)
    at s._resolveFilename (node:electron/js2c/browser_init:2:129227)
    at D:\ED位置\Easy Dataset\resources\app.asar\node_modules\next\dist\server\require-hook.js:55:36
    at defaultResolveImpl (node:internal/modules/cjs/loader:1064:19)
    at resolveForCJSWithHooks (node:internal/modules/cjs/loader:1069:22)
    at Module._load (node:internal/modules/cjs/loader:1218:37)
    at c._load (node:electron/js2c/node_init:2:17950)
    at TracingChannel.traceSync (node:diagnostics_channel:322:14)
    at wrapModuleLoad (node:internal/modules/cjs/loader:242:24)
    at Module.require (node:internal/modules/cjs/loader:1494:12)
[2026-06-29T02:02:25.439Z] [ERROR]  ⨯ Error: Cannot find module 'client-only'
Require stack:
- D:\ED位置\Easy Dataset\resources\app.asar\node_modules\styled-jsx\dist\index\index.js
- D:\ED位置\Easy Dataset\resources\app.asar\node_modules\styled-jsx\index.js
- D:\ED位置\Easy Dataset\resources\app.asar\node_modules\next\dist\compiled\next-server\pages.runtime.prod.js
- D:\ED位置\Easy Dataset\resources\app.asar\.next\server\pages\_document.js
- D:\ED位置\Easy Dataset\resources\app.asar\node_modules\next\dist\server\require.js
- D:\ED位置\Easy Dataset\resources\app.asar\node_modules\next\dist\server\next-server.js
- D:\ED位置\Easy Dataset\resources\app.asar\node_modules\next\dist\server\next.js
- D:\ED位置\Easy Dataset\resources\app.asar\electron\modules\server.js
- D:\ED位置\Easy Dataset\resources\app.asar\electron\main.js
- 
Error: Cannot find module 'client-only'
Require stack:
- D:\ED位置\Easy Dataset\resources\app.asar\node_modules\styled-jsx\dist\index\index.js
- D:\ED位置\Easy Dataset\resources\app.asar\node_modules\styled-jsx\index.js
- D:\ED位置\Easy Dataset\resources\app.asar\node_modules\next\dist\compiled\next-server\pages.runtime.prod.js
- D:\ED位置\Easy Dataset\resources\app.asar\.next\server\pages\_document.js
- D:\ED位置\Easy Dataset\resources\app.asar\node_modules\next\dist\server\require.js
- D:\ED位置\Easy Dataset\resources\app.asar\node_modules\next\dist\server\next-server.js
- D:\ED位置\Easy Dataset\resources\app.asar\node_modules\next\dist\server\next.js
- D:\ED位置\Easy Dataset\resources\app.asar\electron\modules\server.js
- D:\ED位置\Easy Dataset\resources\app.asar\electron\main.js
- 
    at Module._resolveFilename (node:internal/modules/cjs/loader:1408:15)
    at s._resolveFilename (node:electron/js2c/browser_init:2:129227)
    at D:\ED位置\Easy Dataset\resources\app.asar\node_modules\next\dist\server\require-hook.js:55:36
    at defaultResolveImpl (node:internal/modules/cjs/loader:1064:19)
    at resolveForCJSWithHooks (node:internal/modules/cjs/loader:1069:22)
    at Module._load (node:internal/modules/cjs/loader:1218:37)
    at c._load (node:electron/js2c/node_init:2:17950)
    at TracingChannel.traceSync (node:diagnostics_channel:322:14)
    at wrapModuleLoad (node:internal/modules/cjs/loader:242:24)
    at Module.require (node:internal/modules/cjs/loader:1494:12)
[2026-06-29T02:02:30.668Z] [LOG] [Request] POST /api/projects/1AKc2c3-BPfY/tasks
[2026-06-29T02:02:30.670Z] [ERROR]  ⨯ Error: Cannot find module 'unpdf'
Require stack:
- D:\ED位置\Easy Dataset\resources\app.asar\node_modules\@opendocsg\pdf2md\lib\util\pdf.js
- D:\ED位置\Easy Dataset\resources\app.asar\node_modules\@opendocsg\pdf2md\lib\pdf2md.js
- D:\ED位置\Easy Dataset\resources\app.asar\.next\server\app\api\projects\[projectId]\tasks\route.js
- D:\ED位置\Easy Dataset\resources\app.asar\node_modules\next\dist\server\require.js
- D:\ED位置\Easy Dataset\resources\app.asar\node_modules\next\dist\server\next-server.js
- D:\ED位置\Easy Dataset\resources\app.asar\node_modules\next\dist\server\next.js
- D:\ED位置\Easy Dataset\resources\app.asar\electron\modules\server.js
- D:\ED位置\Easy Dataset\resources\app.asar\electron\main.js
- 
Error: Cannot find module 'unpdf'
Require stack:
- D:\ED位置\Easy Dataset\resources\app.asar\node_modules\@opendocsg\pdf2md\lib\util\pdf.js
- D:\ED位置\Easy Dataset\resources\app.asar\node_modules\@opendocsg\pdf2md\lib\pdf2md.js
- D:\ED位置\Easy Dataset\resources\app.asar\.next\server\app\api\projects\[projectId]\tasks\route.js
- D:\ED位置\Easy Dataset\resources\app.asar\node_modules\next\dist\server\require.js
- D:\ED位置\Easy Dataset\resources\app.asar\node_modules\next\dist\server\next-server.js
- D:\ED位置\Easy Dataset\resources\app.asar\node_modules\next\dist\server\next.js
- D:\ED位置\Easy Dataset\resources\app.asar\electron\modules\server.js
- D:\ED位置\Easy Dataset\resources\app.asar\electron\main.js
- 
    at Module._resolveFilename (node:internal/modules/cjs/loader:1408:15)
    at s._resolveFilename (node:electron/js2c/browser_init:2:129227)
    at D:\ED位置\Easy Dataset\resources\app.asar\node_modules\next\dist\server\require-hook.js:55:36
    at defaultResolveImpl (node:internal/modules/cjs/loader:1064:19)
    at resolveForCJSWithHooks (node:internal/modules/cjs/loader:1069:22)
    at Module._load (node:internal/modules/cjs/loader:1218:37)
    at c._load (node:electron/js2c/node_init:2:17950)
    at TracingChannel.traceSync (node:diagnostics_channel:322:14)
    at wrapModuleLoad (node:internal/modules/cjs/loader:242:24)
    at Module.require (node:internal/modules/cjs/loader:1494:12)
[2026-06-29T02:02:30.679Z] [ERROR]  ⨯ Error: Cannot find module 'client-only'
Require stack:
- D:\ED位置\Easy Dataset\resources\app.asar\node_modules\styled-jsx\dist\index\index.js
- D:\ED位置\Easy Dataset\resources\app.asar\node_modules\styled-jsx\index.js
- D:\ED位置\Easy Dataset\resources\app.asar\node_modules\next\dist\compiled\next-server\pages.runtime.prod.js
- D:\ED位置\Easy Dataset\resources\app.asar\.next\server\pages\_document.js
- D:\ED位置\Easy Dataset\resources\app.asar\node_modules\next\dist\server\require.js
- D:\ED位置\Easy Dataset\resources\app.asar\node_modules\next\dist\server\next-server.js
- D:\ED位置\Easy Dataset\resources\app.asar\node_modules\next\dist\server\next.js
- D:\ED位置\Easy Dataset\resources\app.asar\electron\modules\server.js
- D:\ED位置\Easy Dataset\resources\app.asar\electron\main.js
- 
Error: Cannot find module 'client-only'
Require stack:
- D:\ED位置\Easy Dataset\resources\app.asar\node_modules\styled-jsx\dist\index\index.js
- D:\ED位置\Easy Dataset\resources\app.asar\node_modules\styled-jsx\index.js
- D:\ED位置\Easy Dataset\resources\app.asar\node_modules\next\dist\compiled\next-server\pages.runtime.prod.js
- D:\ED位置\Easy Dataset\resources\app.asar\.next\server\pages\_document.js
- D:\ED位置\Easy Dataset\resources\app.asar\node_modules\next\dist\server\require.js
- D:\ED位置\Easy Dataset\resources\app.asar\node_modules\next\dist\server\next-server.js
- D:\ED位置\Easy Dataset\resources\app.asar\node_modules\next\dist\server\next.js
- D:\ED位置\Easy Dataset\resources\app.asar\electron\modules\server.js
- D:\ED位置\Easy Dataset\resources\app.asar\electron\main.js
- 
    at Module._resolveFilename (node:internal/modules/cjs/loader:1408:15)
    at s._resolveFilename (node:electron/js2c/browser_init:2:129227)
    at D:\ED位置\Easy Dataset\resources\app.asar\node_modules\next\dist\server\require-hook.js:55:36
    at defaultResolveImpl (node:internal/modules/cjs/loader:1064:19)
    at resolveForCJSWithHooks (node:internal/modules/cjs/loader:1069:22)
    at Module._load (node:internal/modules/cjs/loader:1218:37)
    at c._load (node:electron/js2c/node_init:2:17950)
    at TracingChannel.traceSync (node:diagnostics_channel:322:14)
    at wrapModuleLoad (node:internal/modules/cjs/loader:242:24)
    at Module.require (node:internal/modules/cjs/loader:1494:12)
[2026-06-29T02:02:34.508Z] [LOG] [Request] GET /api/projects/1AKc2c3-BPfY/tasks/list?status=0
[2026-06-29T02:02:40.319Z] [LOG] [Request] POST /api/projects/1AKc2c3-BPfY/tasks
[2026-06-29T02:02:40.321Z] [ERROR]  ⨯ Error: Cannot find module 'unpdf'
Require stack:
- D:\ED位置\Easy Dataset\resources\app.asar\node_modules\@opendocsg\pdf2md\lib\util\pdf.js
- D:\ED位置\Easy Dataset\resources\app.asar\node_modules\@opendocsg\pdf2md\lib\pdf2md.js
- D:\ED位置\Easy Dataset\resources\app.asar\.next\server\app\api\projects\[projectId]\tasks\route.js
- D:\ED位置\Easy Dataset\resources\app.asar\node_modules\next\dist\server\require.js
- D:\ED位置\Easy Dataset\resources\app.asar\node_modules\next\dist\server\next-server.js
- D:\ED位置\Easy Dataset\resources\app.asar\node_modules\next\dist\server\next.js
- D:\ED位置\Easy Dataset\resources\app.asar\electron\modules\server.js
- D:\ED位置\Easy Dataset\resources\app.asar\electron\main.js
- 
Error: Cannot find module 'unpdf'
Require stack:
- D:\ED位置\Easy Dataset\resources\app.asar\node_modules\@opendocsg\pdf2md\lib\util\pdf.js
- D:\ED位置\Easy Dataset\resources\app.asar\node_modules\@opendocsg\pdf2md\lib\pdf2md.js
- D:\ED位置\Easy Dataset\resources\app.asar\.next\server\app\api\projects\[projectId]\tasks\route.js
- D:\ED位置\Easy Dataset\resources\app.asar\node_modules\next\dist\server\require.js
- D:\ED位置\Easy Dataset\resources\app.asar\node_modules\next\dist\server\next-server.js
- D:\ED位置\Easy Dataset\resources\app.asar\node_modules\next\dist\server\next.js
- D:\ED位置\Easy Dataset\resources\app.asar\electron\modules\server.js
- D:\ED位置\Easy Dataset\resources\app.asar\electron\main.js
- 
    at Module._resolveFilename (node:internal/modules/cjs/loader:1408:15)
    at s._resolveFilename (node:electron/js2c/browser_init:2:129227)
    at D:\ED位置\Easy Dataset\resources\app.asar\node_modules\next\dist\server\require-hook.js:55:36
    at defaultResolveImpl (node:internal/modules/cjs/loader:1064:19)
    at resolveForCJSWithHooks (node:internal/modules/cjs/loader:1069:22)
    at Module._load (node:internal/modules/cjs/loader:1218:37)
    at c._load (node:electron/js2c/node_init:2:17950)
    at TracingChannel.traceSync (node:diagnostics_channel:322:14)
    at wrapModuleLoad (node:internal/modules/cjs/loader:242:24)
    at Module.require (node:internal/modules/cjs/loader:1494:12)
[2026-06-29T02:02:40.328Z] [ERROR]  ⨯ Error: Cannot find module 'client-only'
Require stack:
- D:\ED位置\Easy Dataset\resources\app.asar\node_modules\styled-jsx\dist\index\index.js
- D:\ED位置\Easy Dataset\resources\app.asar\node_modules\styled-jsx\index.js
- D:\ED位置\Easy Dataset\resources\app.asar\node_modules\next\dist\compiled\next-server\pages.runtime.prod.js
- D:\ED位置\Easy Dataset\resources\app.asar\.next\server\pages\_document.js
- D:\ED位置\Easy Dataset\resources\app.asar\node_modules\next\dist\server\require.js
- D:\ED位置\Easy Dataset\resources\app.asar\node_modules\next\dist\server\next-server.js
- D:\ED位置\Easy Dataset\resources\app.asar\node_modules\next\dist\server\next.js
- D:\ED位置\Easy Dataset\resources\app.asar\electron\modules\server.js
- D:\ED位置\Easy Dataset\resources\app.asar\electron\main.js
- 
Error: Cannot find module 'client-only'
Require stack:
- D:\ED位置\Easy Dataset\resources\app.asar\node_modules\styled-jsx\dist\index\index.js
- D:\ED位置\Easy Dataset\resources\app.asar\node_modules\styled-jsx\index.js
- D:\ED位置\Easy Dataset\resources\app.asar\node_modules\next\dist\compiled\next-server\pages.runtime.prod.js
- D:\ED位置\Easy Dataset\resources\app.asar\.next\server\pages\_document.js
- D:\ED位置\Easy Dataset\resources\app.asar\node_modules\next\dist\server\require.js
- D:\ED位置\Easy Dataset\resources\app.asar\node_modules\next\dist\server\next-server.js
- D:\ED位置\Easy Dataset\resources\app.asar\node_modules\next\dist\server\next.js
- D:\ED位置\Easy Dataset\resources\app.asar\electron\modules\server.js
- D:\ED位置\Easy Dataset\resources\app.asar\electron\main.js
- 
    at Module._resolveFilename (node:internal/modules/cjs/loader:1408:15)
    at s._resolveFilename (node:electron/js2c/browser_init:2:129227)
    at D:\ED位置\Easy Dataset\resources\app.asar\node_modules\next\dist\server\require-hook.js:55:36
    at defaultResolveImpl (node:internal/modules/cjs/loader:1064:19)
    at resolveForCJSWithHooks (node:internal/modules/cjs/loader:1069:22)
    at Module._load (node:internal/modules/cjs/loader:1218:37)
    at c._load (node:electron/js2c/node_init:2:17950)
    at TracingChannel.traceSync (node:diagnostics_channel:322:14)
    at wrapModuleLoad (node:internal/modules/cjs/loader:242:24)
    at Module.require (node:internal/modules/cjs/loader:1494:12)
[2026-06-29T02:02:44.506Z] [LOG] [Request] GET /api/projects/1AKc2c3-BPfY/tasks/list?status=0
[2026-06-29T02:02:48.430Z] [LOG] [Request] POST /api/projects/1AKc2c3-BPfY/tasks
[2026-06-29T02:02:48.433Z] [ERROR]  ⨯ Error: Cannot find module 'unpdf'
Require stack:
- D:\ED位置\Easy Dataset\resources\app.asar\node_modules\@opendocsg\pdf2md\lib\util\pdf.js
- D:\ED位置\Easy Dataset\resources\app.asar\node_modules\@opendocsg\pdf2md\lib\pdf2md.js
- D:\ED位置\Easy Dataset\resources\app.asar\.next\server\app\api\projects\[projectId]\tasks\route.js
- D:\ED位置\Easy Dataset\resources\app.asar\node_modules\next\dist\server\require.js
- D:\ED位置\Easy Dataset\resources\app.asar\node_modules\next\dist\server\next-server.js
- D:\ED位置\Easy Dataset\resources\app.asar\node_modules\next\dist\server\next.js
- D:\ED位置\Easy Dataset\resources\app.asar\electron\modules\server.js
- D:\ED位置\Easy Dataset\resources\app.asar\electron\main.js
- 
Error: Cannot find module 'unpdf'
Require stack:
- D:\ED位置\Easy Dataset\resources\app.asar\node_modules\@opendocsg\pdf2md\lib\util\pdf.js
- D:\ED位置\Easy Dataset\resources\app.asar\node_modules\@opendocsg\pdf2md\lib\pdf2md.js
- D:\ED位置\Easy Dataset\resources\app.asar\.next\server\app\api\projects\[projectId]\tasks\route.js
- D:\ED位置\Easy Dataset\resources\app.asar\node_modules\next\dist\server\require.js
- D:\ED位置\Easy Dataset\resources\app.asar\node_modules\next\dist\server\next-server.js
- D:\ED位置\Easy Dataset\resources\app.asar\node_modules\next\dist\server\next.js
- D:\ED位置\Easy Dataset\resources\app.asar\electron\modules\server.js
- D:\ED位置\Easy Dataset\resources\app.asar\electron\main.js
- 
    at Module._resolveFilename (node:internal/modules/cjs/loader:1408:15)
    at s._resolveFilename (node:electron/js2c/browser_init:2:129227)
    at D:\ED位置\Easy Dataset\resources\app.asar\node_modules\next\dist\server\require-hook.js:55:36
    at defaultResolveImpl (node:internal/modules/cjs/loader:1064:19)
    at resolveForCJSWithHooks (node:internal/modules/cjs/loader:1069:22)
    at Module._load (node:internal/modules/cjs/loader:1218:37)
    at c._load (node:electron/js2c/node_init:2:17950)
    at TracingChannel.traceSync (node:diagnostics_channel:322:14)
    at wrapModuleLoad (node:internal/modules/cjs/loader:242:24)
    at Module.require (node:internal/modules/cjs/loader:1494:12)
[2026-06-29T02:02:48.445Z] [ERROR]  ⨯ Error: Cannot find module 'client-only'
Require stack:
- D:\ED位置\Easy Dataset\resources\app.asar\node_modules\styled-jsx\dist\index\index.js
- D:\ED位置\Easy Dataset\resources\app.asar\node_modules\styled-jsx\index.js
- D:\ED位置\Easy Dataset\resources\app.asar\node_modules\next\dist\compiled\next-server\pages.runtime.prod.js
- D:\ED位置\Easy Dataset\resources\app.asar\.next\server\pages\_document.js
- D:\ED位置\Easy Dataset\resources\app.asar\node_modules\next\dist\server\require.js
- D:\ED位置\Easy Dataset\resources\app.asar\node_modules\next\dist\server\next-server.js
- D:\ED位置\Easy Dataset\resources\app.asar\node_modules\next\dist\server\next.js
- D:\ED位置\Easy Dataset\resources\app.asar\electron\modules\server.js
- D:\ED位置\Easy Dataset\resources\app.asar\electron\main.js
- 
Error: Cannot find module 'client-only'
Require stack:
- D:\ED位置\Easy Dataset\resources\app.asar\node_modules\styled-jsx\dist\index\index.js
- D:\ED位置\Easy Dataset\resources\app.asar\node_modules\styled-jsx\index.js
- D:\ED位置\Easy Dataset\resources\app.asar\node_modules\next\dist\compiled\next-server\pages.runtime.prod.js
- D:\ED位置\Easy Dataset\resources\app.asar\.next\server\pages\_document.js
- D:\ED位置\Easy Dataset\resources\app.asar\node_modules\next\dist\server\require.js
- D:\ED位置\Easy Dataset\resources\app.asar\node_modules\next\dist\server\next-server.js
- D:\ED位置\Easy Dataset\resources\app.asar\node_modules\next\dist\server\next.js
- D:\ED位置\Easy Dataset\resources\app.asar\electron\modules\server.js
- D:\ED位置\Easy Dataset\resources\app.asar\electron\main.js
- 
    at Module._resolveFilename (node:internal/modules/cjs/loader:1408:15)
    at s._resolveFilename (node:electron/js2c/browser_init:2:129227)
    at D:\ED位置\Easy Dataset\resources\app.asar\node_modules\next\dist\server\require-hook.js:55:36
    at defaultResolveImpl (node:internal/modules/cjs/loader:1064:19)
    at resolveForCJSWithHooks (node:internal/modules/cjs/loader:1069:22)
    at Module._load (node:internal/modules/cjs/loader:1218:37)
    at c._load (node:electron/js2c/node_init:2:17950)
    at TracingChannel.traceSync (node:diagnostics_channel:322:14)
    at wrapModuleLoad (node:internal/modules/cjs/loader:242:24)
    at Module.require (node:internal/modules/cjs/loader:1494:12)
[2026-06-29T02:02:55.020Z] [LOG] [Request] GET /api/projects/1AKc2c3-BPfY/tasks/list?status=0
[2026-06-29T02:03:05.024Z] [LOG] [Request] GET /api/projects/1AKc2c3-BPfY/tasks/list?status=0
[2026-06-29T02:03:15.032Z] [LOG] [Request] GET /api/projects/1AKc2c3-BPfY/tasks/list?status=0
[2026-06-29T02:03:25.033Z] [LOG] [Request] GET /api/projects/1AKc2c3-BPfY/tasks/list?status=0
[2026-06-29T02:03:35.032Z] [LOG] [Request] GET /api/projects/1AKc2c3-BPfY/tasks/list?status=0
[2026-06-29T02:03:45.032Z] [LOG] [Request] GET /api/projects/1AKc2c3-BPfY/tasks/list?status=0
[2026-06-29T02:04:41.037Z] [LOG] [Request] GET /api/projects/1AKc2c3-BPfY/tasks/list?status=0
[2026-06-29T02:05:41.026Z] [LOG] [Request] GET /api/projects/1AKc2c3-BPfY/tasks/list?status=0
[2026-06-29T02:06:41.023Z] [LOG] [Request] GET /api/projects/1AKc2c3-BPfY/tasks/list?status=0
[2026-06-29T02:07:41.027Z] [LOG] [Request] GET /api/projects/1AKc2c3-BPfY/tasks/list?status=0
[2026-06-29T02:08:41.033Z] [LOG] [Request] GET /api/projects/1AKc2c3-BPfY/tasks/list?status=0
[2026-06-29T02:09:41.036Z] [LOG] [Request] GET /api/projects/1AKc2c3-BPfY/tasks/list?status=0
[2026-06-29T02:10:41.055Z] [LOG] [Request] GET /api/projects/1AKc2c3-BPfY/tasks/list?status=0
[2026-06-29T02:11:41.023Z] [LOG] [Request] GET /api/projects/1AKc2c3-BPfY/tasks/list?status=0
[2026-06-29T02:12:41.031Z] [LOG] [Request] GET /api/projects/1AKc2c3-BPfY/tasks/list?status=0
[2026-06-29T02:13:18.155Z] [LOG] [Request] GET /api/projects/1AKc2c3-BPfY/tasks/list?status=0
[2026-06-29T02:13:22.289Z] [LOG] [Request] POST /api/projects/1AKc2c3-BPfY/tasks
[2026-06-29T02:13:22.291Z] [ERROR]  ⨯ Error: Cannot find module 'unpdf'
Require stack:
- D:\ED位置\Easy Dataset\resources\app.asar\node_modules\@opendocsg\pdf2md\lib\util\pdf.js
- D:\ED位置\Easy Dataset\resources\app.asar\node_modules\@opendocsg\pdf2md\lib\pdf2md.js
- D:\ED位置\Easy Dataset\resources\app.asar\.next\server\app\api\projects\[projectId]\tasks\route.js
- D:\ED位置\Easy Dataset\resources\app.asar\node_modules\next\dist\server\require.js
- D:\ED位置\Easy Dataset\resources\app.asar\node_modules\next\dist\server\next-server.js
- D:\ED位置\Easy Dataset\resources\app.asar\node_modules\next\dist\server\next.js
- D:\ED位置\Easy Dataset\resources\app.asar\electron\modules\server.js
- D:\ED位置\Easy Dataset\resources\app.asar\electron\main.js
- 
Error: Cannot find module 'unpdf'
Require stack:
- D:\ED位置\Easy Dataset\resources\app.asar\node_modules\@opendocsg\pdf2md\lib\util\pdf.js
- D:\ED位置\Easy Dataset\resources\app.asar\node_modules\@opendocsg\pdf2md\lib\pdf2md.js
- D:\ED位置\Easy Dataset\resources\app.asar\.next\server\app\api\projects\[projectId]\tasks\route.js
- D:\ED位置\Easy Dataset\resources\app.asar\node_modules\next\dist\server\require.js
- D:\ED位置\Easy Dataset\resources\app.asar\node_modules\next\dist\server\next-server.js
- D:\ED位置\Easy Dataset\resources\app.asar\node_modules\next\dist\server\next.js
- D:\ED位置\Easy Dataset\resources\app.asar\electron\modules\server.js
- D:\ED位置\Easy Dataset\resources\app.asar\electron\main.js
- 
    at Module._resolveFilename (node:internal/modules/cjs/loader:1408:15)
    at s._resolveFilename (node:electron/js2c/browser_init:2:129227)
    at D:\ED位置\Easy Dataset\resources\app.asar\node_modules\next\dist\server\require-hook.js:55:36
    at defaultResolveImpl (node:internal/modules/cjs/loader:1064:19)
    at resolveForCJSWithHooks (node:internal/modules/cjs/loader:1069:22)
    at Module._load (node:internal/modules/cjs/loader:1218:37)
    at c._load (node:electron/js2c/node_init:2:17950)
    at TracingChannel.traceSync (node:diagnostics_channel:322:14)
    at wrapModuleLoad (node:internal/modules/cjs/loader:242:24)
    at Module.require (node:internal/modules/cjs/loader:1494:12)
[2026-06-29T02:13:22.306Z] [ERROR]  ⨯ Error: Cannot find module 'client-only'
Require stack:
- D:\ED位置\Easy Dataset\resources\app.asar\node_modules\styled-jsx\dist\index\index.js
- D:\ED位置\Easy Dataset\resources\app.asar\node_modules\styled-jsx\index.js
- D:\ED位置\Easy Dataset\resources\app.asar\node_modules\next\dist\compiled\next-server\pages.runtime.prod.js
- D:\ED位置\Easy Dataset\resources\app.asar\.next\server\pages\_document.js
- D:\ED位置\Easy Dataset\resources\app.asar\node_modules\next\dist\server\require.js
- D:\ED位置\Easy Dataset\resources\app.asar\node_modules\next\dist\server\next-server.js
- D:\ED位置\Easy Dataset\resources\app.asar\node_modules\next\dist\server\next.js
- D:\ED位置\Easy Dataset\resources\app.asar\electron\modules\server.js
- D:\ED位置\Easy Dataset\resources\app.asar\electron\main.js
- 
Error: Cannot find module 'client-only'
Require stack:
- D:\ED位置\Easy Dataset\resources\app.asar\node_modules\styled-jsx\dist\index\index.js
- D:\ED位置\Easy Dataset\resources\app.asar\node_modules\styled-jsx\index.js
- D:\ED位置\Easy Dataset\resources\app.asar\node_modules\next\dist\compiled\next-server\pages.runtime.prod.js
- D:\ED位置\Easy Dataset\resources\app.asar\.next\server\pages\_document.js
- D:\ED位置\Easy Dataset\resources\app.asar\node_modules\next\dist\server\require.js
- D:\ED位置\Easy Dataset\resources\app.asar\node_modules\next\dist\server\next-server.js
- D:\ED位置\Easy Dataset\resources\app.asar\node_modules\next\dist\server\next.js
- D:\ED位置\Easy Dataset\resources\app.asar\electron\modules\server.js
- D:\ED位置\Easy Dataset\resources\app.asar\electron\main.js
- 
    at Module._resolveFilename (node:internal/modules/cjs/loader:1408:15)
    at s._resolveFilename (node:electron/js2c/browser_init:2:129227)
    at D:\ED位置\Easy Dataset\resources\app.asar\node_modules\next\dist\server\require-hook.js:55:36
    at defaultResolveImpl (node:internal/modules/cjs/loader:1064:19)
    at resolveForCJSWithHooks (node:internal/modules/cjs/loader:1069:22)
    at Module._load (node:internal/modules/cjs/loader:1218:37)
    at c._load (node:electron/js2c/node_init:2:17950)
    at TracingChannel.traceSync (node:diagnostics_channel:322:14)
    at wrapModuleLoad (node:internal/modules/cjs/loader:242:24)
    at Module.require (node:internal/modules/cjs/loader:1494:12)
[2026-06-29T02:13:25.028Z] [LOG] [Request] GET /api/projects/1AKc2c3-BPfY/tasks/list?status=0
[2026-06-29T02:13:35.026Z] [LOG] [Request] GET /api/projects/1AKc2c3-BPfY/tasks/list?status=0
[2026-06-29T02:13:45.037Z] [LOG] [Request] GET /api/projects/1AKc2c3-BPfY/tasks/list?status=0
[2026-06-29T02:13:55.024Z] [LOG] [Request] GET /api/projects/1AKc2c3-BPfY/tasks/list?status=0
[2026-06-29T02:14:05.035Z] [LOG] [Request] GET /api/projects/1AKc2c3-BPfY/tasks/list?status=0
[2026-06-29T02:14:15.026Z] [LOG] [Request] GET /api/projects/1AKc2c3-BPfY/tasks/list?status=0
[2026-06-29T02:14:25.024Z] [LOG] [Request] GET /api/projects/1AKc2c3-BPfY/tasks/list?status=0
[2026-06-29T02:14:41.033Z] [LOG] [Request] GET /api/projects/1AKc2c3-BPfY/tasks/list?status=0
[2026-06-29T02:15:41.036Z] [LOG] [Request] GET /api/projects/1AKc2c3-BPfY/tasks/list?status=0
[2026-06-29T02:16:09.890Z] [LOG] [Request] GET /api/projects/1AKc2c3-BPfY/tasks/list?status=0
[2026-06-29T02:16:11.965Z] [LOG] [Request] POST /api/projects/1AKc2c3-BPfY/tasks
[2026-06-29T02:16:11.967Z] [ERROR]  ⨯ Error: Cannot find module 'unpdf'
Require stack:
- D:\ED位置\Easy Dataset\resources\app.asar\node_modules\@opendocsg\pdf2md\lib\util\pdf.js
- D:\ED位置\Easy Dataset\resources\app.asar\node_modules\@opendocsg\pdf2md\lib\pdf2md.js
- D:\ED位置\Easy Dataset\resources\app.asar\.next\server\app\api\projects\[projectId]\tasks\route.js
- D:\ED位置\Easy Dataset\resources\app.asar\node_modules\next\dist\server\require.js
- D:\ED位置\Easy Dataset\resources\app.asar\node_modules\next\dist\server\next-server.js
- D:\ED位置\Easy Dataset\resources\app.asar\node_modules\next\dist\server\next.js
- D:\ED位置\Easy Dataset\resources\app.asar\electron\modules\server.js
- D:\ED位置\Easy Dataset\resources\app.asar\electron\main.js
- 
Error: Cannot find module 'unpdf'
Require stack:
- D:\ED位置\Easy Dataset\resources\app.asar\node_modules\@opendocsg\pdf2md\lib\util\pdf.js
- D:\ED位置\Easy Dataset\resources\app.asar\node_modules\@opendocsg\pdf2md\lib\pdf2md.js
- D:\ED位置\Easy Dataset\resources\app.asar\.next\server\app\api\projects\[projectId]\tasks\route.js
- D:\ED位置\Easy Dataset\resources\app.asar\node_modules\next\dist\server\require.js
- D:\ED位置\Easy Dataset\resources\app.asar\node_modules\next\dist\server\next-server.js
- D:\ED位置\Easy Dataset\resources\app.asar\node_modules\next\dist\server\next.js
- D:\ED位置\Easy Dataset\resources\app.asar\electron\modules\server.js
- D:\ED位置\Easy Dataset\resources\app.asar\electron\main.js
- 
    at Module._resolveFilename (node:internal/modules/cjs/loader:1408:15)
    at s._resolveFilename (node:electron/js2c/browser_init:2:129227)
    at D:\ED位置\Easy Dataset\resources\app.asar\node_modules\next\dist\server\require-hook.js:55:36
    at defaultResolveImpl (node:internal/modules/cjs/loader:1064:19)
    at resolveForCJSWithHooks (node:internal/modules/cjs/loader:1069:22)
    at Module._load (node:internal/modules/cjs/loader:1218:37)
    at c._load (node:electron/js2c/node_init:2:17950)
    at TracingChannel.traceSync (node:diagnostics_channel:322:14)
    at wrapModuleLoad (node:internal/modules/cjs/loader:242:24)
    at Module.require (node:internal/modules/cjs/loader:1494:12)
[2026-06-29T02:16:11.974Z] [ERROR]  ⨯ Error: Cannot find module 'client-only'
Require stack:
- D:\ED位置\Easy Dataset\resources\app.asar\node_modules\styled-jsx\dist\index\index.js
- D:\ED位置\Easy Dataset\resources\app.asar\node_modules\styled-jsx\index.js
- D:\ED位置\Easy Dataset\resources\app.asar\node_modules\next\dist\compiled\next-server\pages.runtime.prod.js
- D:\ED位置\Easy Dataset\resources\app.asar\.next\server\pages\_document.js
- D:\ED位置\Easy Dataset\resources\app.asar\node_modules\next\dist\server\require.js
- D:\ED位置\Easy Dataset\resources\app.asar\node_modules\next\dist\server\next-server.js
- D:\ED位置\Easy Dataset\resources\app.asar\node_modules\next\dist\server\next.js
- D:\ED位置\Easy Dataset\resources\app.asar\electron\modules\server.js
- D:\ED位置\Easy Dataset\resources\app.asar\electron\main.js
- 
Error: Cannot find module 'client-only'
Require stack:
- D:\ED位置\Easy Dataset\resources\app.asar\node_modules\styled-jsx\dist\index\index.js
- D:\ED位置\Easy Dataset\resources\app.asar\node_modules\styled-jsx\index.js
- D:\ED位置\Easy Dataset\resources\app.asar\node_modules\next\dist\compiled\next-server\pages.runtime.prod.js
- D:\ED位置\Easy Dataset\resources\app.asar\.next\server\pages\_document.js
- D:\ED位置\Easy Dataset\resources\app.asar\node_modules\next\dist\server\require.js
- D:\ED位置\Easy Dataset\resources\app.asar\node_modules\next\dist\server\next-server.js
- D:\ED位置\Easy Dataset\resources\app.asar\node_modules\next\dist\server\next.js
- D:\ED位置\Easy Dataset\resources\app.asar\electron\modules\server.js
- D:\ED位置\Easy Dataset\resources\app.asar\electron\main.js
- 
    at Module._resolveFilename (node:internal/modules/cjs/loader:1408:15)
    at s._resolveFilename (node:electron/js2c/browser_init:2:129227)
    at D:\ED位置\Easy Dataset\resources\app.asar\node_modules\next\dist\server\require-hook.js:55:36
    at defaultResolveImpl (node:internal/modules/cjs/loader:1064:19)
    at resolveForCJSWithHooks (node:internal/modules/cjs/loader:1069:22)
    at Module._load (node:internal/modules/cjs/loader:1218:37)
    at c._load (node:electron/js2c/node_init:2:17950)
    at TracingChannel.traceSync (node:diagnostics_channel:322:14)
    at wrapModuleLoad (node:internal/modules/cjs/loader:242:24)
    at Module.require (node:internal/modules/cjs/loader:1494:12)
[2026-06-29T02:16:15.023Z] [LOG] [Request] GET /api/projects/1AKc2c3-BPfY/tasks/list?status=0
[2026-06-29T02:16:25.017Z] [LOG] [Request] GET /api/projects/1AKc2c3-BPfY/tasks/list?status=0
[2026-06-29T02:16:35.029Z] [LOG] [Request] GET /api/projects/1AKc2c3-BPfY/tasks/list?status=0
[2026-06-29T02:16:45.023Z] [LOG] [Request] GET /api/projects/1AKc2c3-BPfY/tasks/list?status=0
[2026-06-29T02:16:55.029Z] [LOG] [Request] GET /api/projects/1AKc2c3-BPfY/tasks/list?status=0
[2026-06-29T02:17:05.030Z] [LOG] [Request] GET /api/projects/1AKc2c3-BPfY/tasks/list?status=0
[2026-06-29T02:17:41.034Z] [LOG] [Request] GET /api/projects/1AKc2c3-BPfY/tasks/list?status=0
[2026-06-29T02:18:41.027Z] [LOG] [Request] GET /api/projects/1AKc2c3-BPfY/tasks/list?status=0
[2026-06-29T02:19:41.045Z] [LOG] [Request] GET /api/projects/1AKc2c3-BPfY/tasks/list?status=0
[2026-06-29T02:20:41.036Z] [LOG] [Request] GET /api/projects/1AKc2c3-BPfY/tasks/list?status=0
[2026-06-29T02:21:41.036Z] [LOG] [Request] GET /api/projects/1AKc2c3-BPfY/tasks/list?status=0
[2026-06-29T02:22:41.038Z] [LOG] [Request] GET /api/projects/1AKc2c3-BPfY/tasks/list?status=0
[2026-06-29T02:23:18.186Z] [LOG] [Request] GET /api/projects/1AKc2c3-BPfY/tasks/list?status=0
[2026-06-29T02:23:18.633Z] [LOG] [Request] GET /projects/1AKc2c3-BPfY/settings?_rsc=1224y
[2026-06-29T02:23:18.641Z] [LOG] [Request] GET /projects/1AKc2c3-BPfY/playground?_rsc=1224y
[2026-06-29T02:23:18.645Z] [LOG] [Request] GET /dataset-square?_rsc=1224y
[2026-06-29T02:23:20.193Z] [LOG] [Request] POST /api/projects/1AKc2c3-BPfY/tasks
[2026-06-29T02:23:20.194Z] [ERROR]  ⨯ Error: Cannot find module 'unpdf'
Require stack:
- D:\ED位置\Easy Dataset\resources\app.asar\node_modules\@opendocsg\pdf2md\lib\util\pdf.js
- D:\ED位置\Easy Dataset\resources\app.asar\node_modules\@opendocsg\pdf2md\lib\pdf2md.js
- D:\ED位置\Easy Dataset\resources\app.asar\.next\server\app\api\projects\[projectId]\tasks\route.js
- D:\ED位置\Easy Dataset\resources\app.asar\node_modules\next\dist\server\require.js
- D:\ED位置\Easy Dataset\resources\app.asar\node_modules\next\dist\server\next-server.js
- D:\ED位置\Easy Dataset\resources\app.asar\node_modules\next\dist\server\next.js
- D:\ED位置\Easy Dataset\resources\app.asar\electron\modules\server.js
- D:\ED位置\Easy Dataset\resources\app.asar\electron\main.js
- 
Error: Cannot find module 'unpdf'
Require stack:
- D:\ED位置\Easy Dataset\resources\app.asar\node_modules\@opendocsg\pdf2md\lib\util\pdf.js
- D:\ED位置\Easy Dataset\resources\app.asar\node_modules\@opendocsg\pdf2md\lib\pdf2md.js
- D:\ED位置\Easy Dataset\resources\app.asar\.next\server\app\api\projects\[projectId]\tasks\route.js
- D:\ED位置\Easy Dataset\resources\app.asar\node_modules\next\dist\server\require.js
- D:\ED位置\Easy Dataset\resources\app.asar\node_modules\next\dist\server\next-server.js
- D:\ED位置\Easy Dataset\resources\app.asar\node_modules\next\dist\server\next.js
- D:\ED位置\Easy Dataset\resources\app.asar\electron\modules\server.js
- D:\ED位置\Easy Dataset\resources\app.asar\electron\main.js
- 
    at Module._resolveFilename (node:internal/modules/cjs/loader:1408:15)
    at s._resolveFilename (node:electron/js2c/browser_init:2:129227)
    at D:\ED位置\Easy Dataset\resources\app.asar\node_modules\next\dist\server\require-hook.js:55:36
    at defaultResolveImpl (node:internal/modules/cjs/loader:1064:19)
    at resolveForCJSWithHooks (node:internal/modules/cjs/loader:1069:22)
    at Module._load (node:internal/modules/cjs/loader:1218:37)
    at c._load (node:electron/js2c/node_init:2:17950)
    at TracingChannel.traceSync (node:diagnostics_channel:322:14)
    at wrapModuleLoad (node:internal/modules/cjs/loader:242:24)
    at Module.require (node:internal/modules/cjs/loader:1494:12)
[2026-06-29T02:23:20.204Z] [ERROR]  ⨯ Error: Cannot find module 'client-only'
Require stack:
- D:\ED位置\Easy Dataset\resources\app.asar\node_modules\styled-jsx\dist\index\index.js
- D:\ED位置\Easy Dataset\resources\app.asar\node_modules\styled-jsx\index.js
- D:\ED位置\Easy Dataset\resources\app.asar\node_modules\next\dist\compiled\next-server\pages.runtime.prod.js
- D:\ED位置\Easy Dataset\resources\app.asar\.next\server\pages\_document.js
- D:\ED位置\Easy Dataset\resources\app.asar\node_modules\next\dist\server\require.js
- D:\ED位置\Easy Dataset\resources\app.asar\node_modules\next\dist\server\next-server.js
- D:\ED位置\Easy Dataset\resources\app.asar\node_modules\next\dist\server\next.js
- D:\ED位置\Easy Dataset\resources\app.asar\electron\modules\server.js
- D:\ED位置\Easy Dataset\resources\app.asar\electron\main.js
- 
Error: Cannot find module 'client-only'
Require stack:
- D:\ED位置\Easy Dataset\resources\app.asar\node_modules\styled-jsx\dist\index\index.js
- D:\ED位置\Easy Dataset\resources\app.asar\node_modules\styled-jsx\index.js
- D:\ED位置\Easy Dataset\resources\app.asar\node_modules\next\dist\compiled\next-server\pages.runtime.prod.js
- D:\ED位置\Easy Dataset\resources\app.asar\.next\server\pages\_document.js
- D:\ED位置\Easy Dataset\resources\app.asar\node_modules\next\dist\server\require.js
- D:\ED位置\Easy Dataset\resources\app.asar\node_modules\next\dist\server\next-server.js
- D:\ED位置\Easy Dataset\resources\app.asar\node_modules\next\dist\server\next.js
- D:\ED位置\Easy Dataset\resources\app.asar\electron\modules\server.js
- D:\ED位置\Easy Dataset\resources\app.asar\electron\main.js
- 
    at Module._resolveFilename (node:internal/modules/cjs/loader:1408:15)
    at s._resolveFilename (node:electron/js2c/browser_init:2:129227)
    at D:\ED位置\Easy Dataset\resources\app.asar\node_modules\next\dist\server\require-hook.js:55:36
    at defaultResolveImpl (node:internal/modules/cjs/loader:1064:19)
    at resolveForCJSWithHooks (node:internal/modules/cjs/loader:1069:22)
    at Module._load (node:internal/modules/cjs/loader:1218:37)
    at c._load (node:electron/js2c/node_init:2:17950)
    at TracingChannel.traceSync (node:diagnostics_channel:322:14)
    at wrapModuleLoad (node:internal/modules/cjs/loader:242:24)
    at Module.require (node:internal/modules/cjs/loader:1494:12)
[2026-06-29T02:23:24.500Z] [LOG] [Request] GET /api/projects/1AKc2c3-BPfY/tasks/list?status=0
[2026-06-29T02:23:24.879Z] [LOG] [Request] POST /api/projects/1AKc2c3-BPfY/tasks
[2026-06-29T02:23:24.881Z] [ERROR]  ⨯ Error: Cannot find module 'unpdf'
Require stack:
- D:\ED位置\Easy Dataset\resources\app.asar\node_modules\@opendocsg\pdf2md\lib\util\pdf.js
- D:\ED位置\Easy Dataset\resources\app.asar\node_modules\@opendocsg\pdf2md\lib\pdf2md.js
- D:\ED位置\Easy Dataset\resources\app.asar\.next\server\app\api\projects\[projectId]\tasks\route.js
- D:\ED位置\Easy Dataset\resources\app.asar\node_modules\next\dist\server\require.js
- D:\ED位置\Easy Dataset\resources\app.asar\node_modules\next\dist\server\next-server.js
- D:\ED位置\Easy Dataset\resources\app.asar\node_modules\next\dist\server\next.js
- D:\ED位置\Easy Dataset\resources\app.asar\electron\modules\server.js
- D:\ED位置\Easy Dataset\resources\app.asar\electron\main.js
- 
Error: Cannot find module 'unpdf'
Require stack:
- D:\ED位置\Easy Dataset\resources\app.asar\node_modules\@opendocsg\pdf2md\lib\util\pdf.js
- D:\ED位置\Easy Dataset\resources\app.asar\node_modules\@opendocsg\pdf2md\lib\pdf2md.js
- D:\ED位置\Easy Dataset\resources\app.asar\.next\server\app\api\projects\[projectId]\tasks\route.js
- D:\ED位置\Easy Dataset\resources\app.asar\node_modules\next\dist\server\require.js
- D:\ED位置\Easy Dataset\resources\app.asar\node_modules\next\dist\server\next-server.js
- D:\ED位置\Easy Dataset\resources\app.asar\node_modules\next\dist\server\next.js
- D:\ED位置\Easy Dataset\resources\app.asar\electron\modules\server.js
- D:\ED位置\Easy Dataset\resources\app.asar\electron\main.js
- 
    at Module._resolveFilename (node:internal/modules/cjs/loader:1408:15)
    at s._resolveFilename (node:electron/js2c/browser_init:2:129227)
    at D:\ED位置\Easy Dataset\resources\app.asar\node_modules\next\dist\server\require-hook.js:55:36
    at defaultResolveImpl (node:internal/modules/cjs/loader:1064:19)
    at resolveForCJSWithHooks (node:internal/modules/cjs/loader:1069:22)
    at Module._load (node:internal/modules/cjs/loader:1218:37)
    at c._load (node:electron/js2c/node_init:2:17950)
    at TracingChannel.traceSync (node:diagnostics_channel:322:14)
    at wrapModuleLoad (node:internal/modules/cjs/loader:242:24)
    at Module.require (node:internal/modules/cjs/loader:1494:12)
[2026-06-29T02:23:24.889Z] [ERROR]  ⨯ Error: Cannot find module 'client-only'
Require stack:
- D:\ED位置\Easy Dataset\resources\app.asar\node_modules\styled-jsx\dist\index\index.js
- D:\ED位置\Easy Dataset\resources\app.asar\node_modules\styled-jsx\index.js
- D:\ED位置\Easy Dataset\resources\app.asar\node_modules\next\dist\compiled\next-server\pages.runtime.prod.js
- D:\ED位置\Easy Dataset\resources\app.asar\.next\server\pages\_document.js
- D:\ED位置\Easy Dataset\resources\app.asar\node_modules\next\dist\server\require.js
- D:\ED位置\Easy Dataset\resources\app.asar\node_modules\next\dist\server\next-server.js
- D:\ED位置\Easy Dataset\resources\app.asar\node_modules\next\dist\server\next.js
- D:\ED位置\Easy Dataset\resources\app.asar\electron\modules\server.js
- D:\ED位置\Easy Dataset\resources\app.asar\electron\main.js
- 
Error: Cannot find module 'client-only'
Require stack:
- D:\ED位置\Easy Dataset\resources\app.asar\node_modules\styled-jsx\dist\index\index.js
- D:\ED位置\Easy Dataset\resources\app.asar\node_modules\styled-jsx\index.js
- D:\ED位置\Easy Dataset\resources\app.asar\node_modules\next\dist\compiled\next-server\pages.runtime.prod.js
- D:\ED位置\Easy Dataset\resources\app.asar\.next\server\pages\_document.js
- D:\ED位置\Easy Dataset\resources\app.asar\node_modules\next\dist\server\require.js
- D:\ED位置\Easy Dataset\resources\app.asar\node_modules\next\dist\server\next-server.js
- D:\ED位置\Easy Dataset\resources\app.asar\node_modules\next\dist\server\next.js
- D:\ED位置\Easy Dataset\resources\app.asar\electron\modules\server.js
- D:\ED位置\Easy Dataset\resources\app.asar\electron\main.js
- 
    at Module._resolveFilename (node:internal/modules/cjs/loader:1408:15)
    at s._resolveFilename (node:electron/js2c/browser_init:2:129227)
    at D:\ED位置\Easy Dataset\resources\app.asar\node_modules\next\dist\server\require-hook.js:55:36
    at defaultResolveImpl (node:internal/modules/cjs/loader:1064:19)
    at resolveForCJSWithHooks (node:internal/modules/cjs/loader:1069:22)
    at Module._load (node:internal/modules/cjs/loader:1218:37)
    at c._load (node:electron/js2c/node_init:2:17950)
    at TracingChannel.traceSync (node:diagnostics_channel:322:14)
    at wrapModuleLoad (node:internal/modules/cjs/loader:242:24)
    at Module.require (node:internal/modules/cjs/loader:1494:12)
[2026-06-29T02:23:31.985Z] [LOG] [Request] POST /api/projects/1AKc2c3-BPfY/tasks
[2026-06-29T02:23:31.987Z] [ERROR]  ⨯ Error: Cannot find module 'unpdf'
Require stack:
- D:\ED位置\Easy Dataset\resources\app.asar\node_modules\@opendocsg\pdf2md\lib\util\pdf.js
- D:\ED位置\Easy Dataset\resources\app.asar\node_modules\@opendocsg\pdf2md\lib\pdf2md.js
- D:\ED位置\Easy Dataset\resources\app.asar\.next\server\app\api\projects\[projectId]\tasks\route.js
- D:\ED位置\Easy Dataset\resources\app.asar\node_modules\next\dist\server\require.js
- D:\ED位置\Easy Dataset\resources\app.asar\node_modules\next\dist\server\next-server.js
- D:\ED位置\Easy Dataset\resources\app.asar\node_modules\next\dist\server\next.js
- D:\ED位置\Easy Dataset\resources\app.asar\electron\modules\server.js
- D:\ED位置\Easy Dataset\resources\app.asar\electron\main.js
- 
Error: Cannot find module 'unpdf'
Require stack:
- D:\ED位置\Easy Dataset\resources\app.asar\node_modules\@opendocsg\pdf2md\lib\util\pdf.js
- D:\ED位置\Easy Dataset\resources\app.asar\node_modules\@opendocsg\pdf2md\lib\pdf2md.js
- D:\ED位置\Easy Dataset\resources\app.asar\.next\server\app\api\projects\[projectId]\tasks\route.js
- D:\ED位置\Easy Dataset\resources\app.asar\node_modules\next\dist\server\require.js
- D:\ED位置\Easy Dataset\resources\app.asar\node_modules\next\dist\server\next-server.js
- D:\ED位置\Easy Dataset\resources\app.asar\node_modules\next\dist\server\next.js
- D:\ED位置\Easy Dataset\resources\app.asar\electron\modules\server.js
- D:\ED位置\Easy Dataset\resources\app.asar\electron\main.js
- 
    at Module._resolveFilename (node:internal/modules/cjs/loader:1408:15)
    at s._resolveFilename (node:electron/js2c/browser_init:2:129227)
    at D:\ED位置\Easy Dataset\resources\app.asar\node_modules\next\dist\server\require-hook.js:55:36
    at defaultResolveImpl (node:internal/modules/cjs/loader:1064:19)
    at resolveForCJSWithHooks (node:internal/modules/cjs/loader:1069:22)
    at Module._load (node:internal/modules/cjs/loader:1218:37)
    at c._load (node:electron/js2c/node_init:2:17950)
    at TracingChannel.traceSync (node:diagnostics_channel:322:14)
    at wrapModuleLoad (node:internal/modules/cjs/loader:242:24)
    at Module.require (node:internal/modules/cjs/loader:1494:12)
[2026-06-29T02:23:31.994Z] [ERROR]  ⨯ Error: Cannot find module 'client-only'
Require stack:
- D:\ED位置\Easy Dataset\resources\app.asar\node_modules\styled-jsx\dist\index\index.js
- D:\ED位置\Easy Dataset\resources\app.asar\node_modules\styled-jsx\index.js
- D:\ED位置\Easy Dataset\resources\app.asar\node_modules\next\dist\compiled\next-server\pages.runtime.prod.js
- D:\ED位置\Easy Dataset\resources\app.asar\.next\server\pages\_document.js
- D:\ED位置\Easy Dataset\resources\app.asar\node_modules\next\dist\server\require.js
- D:\ED位置\Easy Dataset\resources\app.asar\node_modules\next\dist\server\next-server.js
- D:\ED位置\Easy Dataset\resources\app.asar\node_modules\next\dist\server\next.js
- D:\ED位置\Easy Dataset\resources\app.asar\electron\modules\server.js
- D:\ED位置\Easy Dataset\resources\app.asar\electron\main.js
- 
Error: Cannot find module 'client-only'
Require stack:
- D:\ED位置\Easy Dataset\resources\app.asar\node_modules\styled-jsx\dist\index\index.js
- D:\ED位置\Easy Dataset\resources\app.asar\node_modules\styled-jsx\index.js
- D:\ED位置\Easy Dataset\resources\app.asar\node_modules\next\dist\compiled\next-server\pages.runtime.prod.js
- D:\ED位置\Easy Dataset\resources\app.asar\.next\server\pages\_document.js
- D:\ED位置\Easy Dataset\resources\app.asar\node_modules\next\dist\server\require.js
- D:\ED位置\Easy Dataset\resources\app.asar\node_modules\next\dist\server\next-server.js
- D:\ED位置\Easy Dataset\resources\app.asar\node_modules\next\dist\server\next.js
- D:\ED位置\Easy Dataset\resources\app.asar\electron\modules\server.js
- D:\ED位置\Easy Dataset\resources\app.asar\electron\main.js
- 
    at Module._resolveFilename (node:internal/modules/cjs/loader:1408:15)
    at s._resolveFilename (node:electron/js2c/browser_init:2:129227)
    at D:\ED位置\Easy Dataset\resources\app.asar\node_modules\next\dist\server\require-hook.js:55:36
    at defaultResolveImpl (node:internal/modules/cjs/loader:1064:19)
    at resolveForCJSWithHooks (node:internal/modules/cjs/loader:1069:22)
    at Module._load (node:internal/modules/cjs/loader:1218:37)
    at c._load (node:electron/js2c/node_init:2:17950)
    at TracingChannel.traceSync (node:diagnostics_channel:322:14)
    at wrapModuleLoad (node:internal/modules/cjs/loader:242:24)
    at Module.require (node:internal/modules/cjs/loader:1494:12)
[2026-06-29T02:23:34.500Z] [LOG] [Request] GET /api/projects/1AKc2c3-BPfY/tasks/list?status=0
[2026-06-29T02:23:36.024Z] [LOG] [Request] POST /api/projects/1AKc2c3-BPfY/tasks
[2026-06-29T02:23:36.026Z] [ERROR]  ⨯ Error: Cannot find module 'unpdf'
Require stack:
- D:\ED位置\Easy Dataset\resources\app.asar\node_modules\@opendocsg\pdf2md\lib\util\pdf.js
- D:\ED位置\Easy Dataset\resources\app.asar\node_modules\@opendocsg\pdf2md\lib\pdf2md.js
- D:\ED位置\Easy Dataset\resources\app.asar\.next\server\app\api\projects\[projectId]\tasks\route.js
- D:\ED位置\Easy Dataset\resources\app.asar\node_modules\next\dist\server\require.js
- D:\ED位置\Easy Dataset\resources\app.asar\node_modules\next\dist\server\next-server.js
- D:\ED位置\Easy Dataset\resources\app.asar\node_modules\next\dist\server\next.js
- D:\ED位置\Easy Dataset\resources\app.asar\electron\modules\server.js
- D:\ED位置\Easy Dataset\resources\app.asar\electron\main.js
- 
Error: Cannot find module 'unpdf'
Require stack:
- D:\ED位置\Easy Dataset\resources\app.asar\node_modules\@opendocsg\pdf2md\lib\util\pdf.js
- D:\ED位置\Easy Dataset\resources\app.asar\node_modules\@opendocsg\pdf2md\lib\pdf2md.js
- D:\ED位置\Easy Dataset\resources\app.asar\.next\server\app\api\projects\[projectId]\tasks\route.js
- D:\ED位置\Easy Dataset\resources\app.asar\node_modules\next\dist\server\require.js
- D:\ED位置\Easy Dataset\resources\app.asar\node_modules\next\dist\server\next-server.js
- D:\ED位置\Easy Dataset\resources\app.asar\node_modules\next\dist\server\next.js
- D:\ED位置\Easy Dataset\resources\app.asar\electron\modules\server.js
- D:\ED位置\Easy Dataset\resources\app.asar\electron\main.js
- 
    at Module._resolveFilename (node:internal/modules/cjs/loader:1408:15)
    at s._resolveFilename (node:electron/js2c/browser_init:2:129227)
    at D:\ED位置\Easy Dataset\resources\app.asar\node_modules\next\dist\server\require-hook.js:55:36
    at defaultResolveImpl (node:internal/modules/cjs/loader:1064:19)
    at resolveForCJSWithHooks (node:internal/modules/cjs/loader:1069:22)
    at Module._load (node:internal/modules/cjs/loader:1218:37)
    at c._load (node:electron/js2c/node_init:2:17950)
    at TracingChannel.traceSync (node:diagnostics_channel:322:14)
    at wrapModuleLoad (node:internal/modules/cjs/loader:242:24)
    at Module.require (node:internal/modules/cjs/loader:1494:12)
[2026-06-29T02:23:36.036Z] [ERROR]  ⨯ Error: Cannot find module 'client-only'
Require stack:
- D:\ED位置\Easy Dataset\resources\app.asar\node_modules\styled-jsx\dist\index\index.js
- D:\ED位置\Easy Dataset\resources\app.asar\node_modules\styled-jsx\index.js
- D:\ED位置\Easy Dataset\resources\app.asar\node_modules\next\dist\compiled\next-server\pages.runtime.prod.js
- D:\ED位置\Easy Dataset\resources\app.asar\.next\server\pages\_document.js
- D:\ED位置\Easy Dataset\resources\app.asar\node_modules\next\dist\server\require.js
- D:\ED位置\Easy Dataset\resources\app.asar\node_modules\next\dist\server\next-server.js
- D:\ED位置\Easy Dataset\resources\app.asar\node_modules\next\dist\server\next.js
- D:\ED位置\Easy Dataset\resources\app.asar\electron\modules\server.js
- D:\ED位置\Easy Dataset\resources\app.asar\electron\main.js
- 
Error: Cannot find module 'client-only'
Require stack:
- D:\ED位置\Easy Dataset\resources\app.asar\node_modules\styled-jsx\dist\index\index.js
- D:\ED位置\Easy Dataset\resources\app.asar\node_modules\styled-jsx\index.js
- D:\ED位置\Easy Dataset\resources\app.asar\node_modules\next\dist\compiled\next-server\pages.runtime.prod.js
- D:\ED位置\Easy Dataset\resources\app.asar\.next\server\pages\_document.js
- D:\ED位置\Easy Dataset\resources\app.asar\node_modules\next\dist\server\require.js
- D:\ED位置\Easy Dataset\resources\app.asar\node_modules\next\dist\server\next-server.js
- D:\ED位置\Easy Dataset\resources\app.asar\node_modules\next\dist\server\next.js
- D:\ED位置\Easy Dataset\resources\app.asar\electron\modules\server.js
- D:\ED位置\Easy Dataset\resources\app.asar\electron\main.js
- 
    at Module._resolveFilename (node:internal/modules/cjs/loader:1408:15)
    at s._resolveFilename (node:electron/js2c/browser_init:2:129227)
    at D:\ED位置\Easy Dataset\resources\app.asar\node_modules\next\dist\server\require-hook.js:55:36
    at defaultResolveImpl (node:internal/modules/cjs/loader:1064:19)
    at resolveForCJSWithHooks (node:internal/modules/cjs/loader:1069:22)
    at Module._load (node:internal/modules/cjs/loader:1218:37)
    at c._load (node:electron/js2c/node_init:2:17950)
    at TracingChannel.traceSync (node:diagnostics_channel:322:14)
    at wrapModuleLoad (node:internal/modules/cjs/loader:242:24)
    at Module.require (node:internal/modules/cjs/loader:1494:12)
[2026-06-29T02:23:45.031Z] [LOG] [Request] GET /api/projects/1AKc2c3-BPfY/tasks/list?status=0
[2026-06-29T02:23:55.026Z] [LOG] [Request] GET /api/projects/1AKc2c3-BPfY/tasks/list?status=0
[2026-06-29T02:24:05.032Z] [LOG] [Request] GET /api/projects/1AKc2c3-BPfY/tasks/list?status=0
[2026-06-29T02:24:15.029Z] [LOG] [Request] GET /api/projects/1AKc2c3-BPfY/tasks/list?status=0
[2026-06-29T02:24:25.036Z] [LOG] [Request] GET /api/projects/1AKc2c3-BPfY/tasks/list?status=0
[2026-06-29T02:24:35.029Z] [LOG] [Request] GET /api/projects/1AKc2c3-BPfY/tasks/list?status=0
[2026-06-29T02:25:36.025Z] [LOG] [Request] GET /api/projects/1AKc2c3-BPfY/tasks/list?status=0
[2026-06-29T02:26:37.022Z] [LOG] [Request] GET /api/projects/1AKc2c3-BPfY/tasks/list?status=0
[2026-06-29T02:27:38.033Z] [LOG] [Request] GET /api/projects/1AKc2c3-BPfY/tasks/list?status=0
[2026-06-29T02:28:39.032Z] [LOG] [Request] GET /api/projects/1AKc2c3-BPfY/tasks/list?status=0
[2026-06-29T02:29:20.484Z] [LOG] [Request] GET /api/projects/1AKc2c3-BPfY/tasks/list?status=0
[2026-06-29T02:29:25.029Z] [LOG] [Request] GET /api/projects/1AKc2c3-BPfY/tasks/list?status=0
[2026-06-29T02:29:35.036Z] [LOG] [Request] GET /api/projects/1AKc2c3-BPfY/tasks/list?status=0
[2026-06-29T02:29:45.029Z] [LOG] [Request] GET /api/projects/1AKc2c3-BPfY/tasks/list?status=0
[2026-06-29T02:29:55.020Z] [LOG] [Request] GET /api/projects/1AKc2c3-BPfY/tasks/list?status=0
[2026-06-29T02:30:05.018Z] [LOG] [Request] GET /api/projects/1AKc2c3-BPfY/tasks/list?status=0
[2026-06-29T02:30:15.022Z] [LOG] [Request] GET /api/projects/1AKc2c3-BPfY/tasks/list?status=0
[2026-06-29T02:30:41.034Z] [LOG] [Request] GET /api/projects/1AKc2c3-BPfY/tasks/list?status=0
[2026-06-29T02:31:41.030Z] [LOG] [Request] GET /api/projects/1AKc2c3-BPfY/tasks/list?status=0
[2026-06-29T02:32:41.032Z] [LOG] [Request] GET /api/projects/1AKc2c3-BPfY/tasks/list?status=0
[2026-06-29T02:33:41.031Z] [LOG] [Request] GET /api/projects/1AKc2c3-BPfY/tasks/list?status=0
[2026-06-29T02:34:41.029Z] [LOG] [Request] GET /api/projects/1AKc2c3-BPfY/tasks/list?status=0
[2026-06-29T02:35:41.032Z] [LOG] [Request] GET /api/projects/1AKc2c3-BPfY/tasks/list?status=0
[2026-06-29T02:36:41.026Z] [LOG] [Request] GET /api/projects/1AKc2c3-BPfY/tasks/list?status=0
[2026-06-29T02:37:41.027Z] [LOG] [Request] GET /api/projects/1AKc2c3-BPfY/tasks/list?status=0
[2026-06-29T02:38:41.024Z] [LOG] [Request] GET /api/projects/1AKc2c3-BPfY/tasks/list?status=0
[2026-06-29T02:39:41.030Z] [LOG] [Request] GET /api/projects/1AKc2c3-BPfY/tasks/list?status=0
[2026-06-29T02:40:41.029Z] [LOG] [Request] GET /api/projects/1AKc2c3-BPfY/tasks/list?status=0
[2026-06-29T02:41:41.022Z] [LOG] [Request] GET /api/projects/1AKc2c3-BPfY/tasks/list?status=0
[2026-06-29T02:42:41.022Z] [LOG] [Request] GET /api/projects/1AKc2c3-BPfY/tasks/list?status=0
[2026-06-29T02:43:41.026Z] [LOG] [Request] GET /api/projects/1AKc2c3-BPfY/tasks/list?status=0
[2026-06-29T02:44:41.064Z] [LOG] [Request] GET /api/projects/1AKc2c3-BPfY/tasks/list?status=0
[2026-06-29T02:44:42.060Z] [LOG] 应用正在退出...
